-- phpMyAdmin SQL Dump
-- version 5.0.2
-- https://www.phpmyadmin.net/
--
-- Host: 127.0.0.1
-- Generation Time: Nov 17, 2020 at 03:34 PM
-- Server version: 10.4.11-MariaDB
-- PHP Version: 7.2.30

SET SQL_MODE = "NO_AUTO_VALUE_ON_ZERO";
START TRANSACTION;
SET time_zone = "+00:00";


/*!40101 SET @OLD_CHARACTER_SET_CLIENT=@@CHARACTER_SET_CLIENT */;
/*!40101 SET @OLD_CHARACTER_SET_RESULTS=@@CHARACTER_SET_RESULTS */;
/*!40101 SET @OLD_COLLATION_CONNECTION=@@COLLATION_CONNECTION */;
/*!40101 SET NAMES utf8mb4 */;

--
-- Database: `sid`
--

-- --------------------------------------------------------

--
-- Table structure for table `dt_agama`
--

CREATE TABLE `dt_agama` (
  `id` int(11) NOT NULL,
  `nama` varchar(50) NOT NULL
) ENGINE=InnoDB DEFAULT CHARSET=utf8mb4;

--
-- Dumping data for table `dt_agama`
--

INSERT INTO `dt_agama` (`id`, `nama`) VALUES
(1, 'ISLAM'),
(2, 'KRISTEN'),
(3, 'KHATOLIK'),
(4, 'HINDU'),
(5, 'BUDHA'),
(6, 'KONGHUCU'),
(7, 'LAINNYA');

-- --------------------------------------------------------

--
-- Table structure for table `dt_hubungan_dalam_keluarga`
--

CREATE TABLE `dt_hubungan_dalam_keluarga` (
  `id` int(11) NOT NULL,
  `nama` varchar(50) NOT NULL
) ENGINE=InnoDB DEFAULT CHARSET=utf8mb4;

--
-- Dumping data for table `dt_hubungan_dalam_keluarga`
--

INSERT INTO `dt_hubungan_dalam_keluarga` (`id`, `nama`) VALUES
(1, 'SUAMI'),
(2, 'ISTRI'),
(3, 'ANAK'),
(4, 'CUCU');

-- --------------------------------------------------------

--
-- Table structure for table `dt_jenis_kelamin`
--

CREATE TABLE `dt_jenis_kelamin` (
  `id` int(11) NOT NULL,
  `nama` varchar(50) NOT NULL
) ENGINE=InnoDB DEFAULT CHARSET=utf8mb4;

--
-- Dumping data for table `dt_jenis_kelamin`
--

INSERT INTO `dt_jenis_kelamin` (`id`, `nama`) VALUES
(1, 'LAKI-LAKI'),
(2, 'PEREMPUAN');

-- --------------------------------------------------------

--
-- Table structure for table `dt_pekerjaan`
--

CREATE TABLE `dt_pekerjaan` (
  `id` int(11) NOT NULL,
  `nama` varchar(50) NOT NULL
) ENGINE=InnoDB DEFAULT CHARSET=utf8mb4;

--
-- Dumping data for table `dt_pekerjaan`
--

INSERT INTO `dt_pekerjaan` (`id`, `nama`) VALUES
(1, 'BELUM/TIDAK BEKERJA'),
(2, 'MENGURUS RUMAH TANGGA'),
(3, 'PELAJAR/MAHASISWA'),
(4, 'PENSIUNAN'),
(5, 'PEGAWAI NEGERI SIPIL (PNS)'),
(6, 'TENTARA NASIONAL INDONESIA (TNI)'),
(7, 'KEPOLISIAN RI (POLRI)'),
(8, 'WIRASWASTA'),
(9, 'WIRAUSAHA'),
(10, 'PERANGKAT DESA'),
(11, 'LAINNYA');

-- --------------------------------------------------------

--
-- Table structure for table `dt_pendidikan_terakhir`
--

CREATE TABLE `dt_pendidikan_terakhir` (
  `id` int(11) NOT NULL,
  `nama` varchar(50) NOT NULL
) ENGINE=InnoDB DEFAULT CHARSET=utf8mb4;

--
-- Dumping data for table `dt_pendidikan_terakhir`
--

INSERT INTO `dt_pendidikan_terakhir` (`id`, `nama`) VALUES
(1, 'BELUM SEKOLAH'),
(2, 'SD'),
(3, 'SMP'),
(4, 'SMA'),
(5, 'D1'),
(6, 'D2'),
(7, 'D3'),
(8, 'S1'),
(9, 'S2'),
(10, 'S3');

-- --------------------------------------------------------

--
-- Table structure for table `dt_status_penduduk`
--

CREATE TABLE `dt_status_penduduk` (
  `id` int(11) NOT NULL,
  `nama` varchar(50) NOT NULL
) ENGINE=InnoDB DEFAULT CHARSET=utf8mb4;

--
-- Dumping data for table `dt_status_penduduk`
--

INSERT INTO `dt_status_penduduk` (`id`, `nama`) VALUES
(1, 'TETAP'),
(2, 'TIDAK TETAP');

-- --------------------------------------------------------

--
-- Table structure for table `dt_status_perkawinan`
--

CREATE TABLE `dt_status_perkawinan` (
  `id` int(11) NOT NULL,
  `nama` varchar(50) NOT NULL
) ENGINE=InnoDB DEFAULT CHARSET=utf8mb4;

--
-- Dumping data for table `dt_status_perkawinan`
--

INSERT INTO `dt_status_perkawinan` (`id`, `nama`) VALUES
(1, 'BELUM KAWIN'),
(2, 'KAWIN'),
(3, 'CERAI HIDUP'),
(4, 'CERAI MATI');

-- --------------------------------------------------------

--
-- Table structure for table `dusun`
--

CREATE TABLE `dusun` (
  `id` int(11) NOT NULL,
  `nama` varchar(100) NOT NULL,
  `nik_kepala_dusun` varchar(16) DEFAULT NULL
) ENGINE=InnoDB DEFAULT CHARSET=utf8mb4;

--
-- Dumping data for table `dusun`
--

INSERT INTO `dusun` (`id`, `nama`, `nik_kepala_dusun`) VALUES
(1, 'Sugihwaras', '3303150303700002'),
(2, 'Pojok', '3303153012480002'),
(3, 'Ketawang', '3303150304840002'),
(4, 'Kalak', '3303156807840002'),
(5, 'Cermenan', '3303155512890001'),
(6, 'wkwland', '3303140107600139');

-- --------------------------------------------------------

--
-- Table structure for table `history_aktifitas`
--

CREATE TABLE `history_aktifitas` (
  `id` int(11) NOT NULL,
  `jenis_operasi` enum('INSERT','UPDATE','DELETE','') NOT NULL,
  `data_lama` varchar(500) DEFAULT NULL,
  `data_baru` varchar(500) DEFAULT NULL
) ENGINE=InnoDB DEFAULT CHARSET=utf8mb4;

-- --------------------------------------------------------

--
-- Table structure for table `identitas_desa`
--

CREATE TABLE `identitas_desa` (
  `id` int(11) NOT NULL,
  `nama` varchar(100) NOT NULL,
  `kode_pos` varchar(5) NOT NULL,
  `alamat_kantor` varchar(100) NOT NULL,
  `email` varchar(50) NOT NULL,
  `telepon` varchar(13) NOT NULL,
  `kecamatan` varchar(100) NOT NULL,
  `kabupaten` varchar(100) NOT NULL,
  `provinsi` varchar(100) NOT NULL
) ENGINE=InnoDB DEFAULT CHARSET=utf8mb4;

--
-- Dumping data for table `identitas_desa`
--

INSERT INTO `identitas_desa` (`id`, `nama`, `kode_pos`, `alamat_kantor`, `email`, `telepon`, `kecamatan`, `kabupaten`, `provinsi`) VALUES
(1, 'Sugihwaras', '61473', 'Jl. Sawah Utama Gang 1 Sugihwaras', 'contact@sugihwaras.com', '0321-13457', 'Ngoro', 'Jombang', 'Jawa Timur');

-- --------------------------------------------------------

--
-- Table structure for table `pantau_pemudik`
--

CREATE TABLE `pantau_pemudik` (
  `id` int(11) NOT NULL,
  `nik` varchar(16) NOT NULL,
  `tanggal_pantau` date NOT NULL,
  `suhu_tubuh` int(11) NOT NULL,
  `batuk` enum('Ya','Tidak') NOT NULL,
  `flu` enum('Ya','Tidak') NOT NULL,
  `sesak_nafas` enum('Ya','Tidak') NOT NULL,
  `keluhan_lain` varchar(100) DEFAULT NULL
) ENGINE=InnoDB DEFAULT CHARSET=utf8mb4;

--
-- Dumping data for table `pantau_pemudik`
--

INSERT INTO `pantau_pemudik` (`id`, `nik`, `tanggal_pantau`, `suhu_tubuh`, `batuk`, `flu`, `sesak_nafas`, `keluhan_lain`) VALUES
(6, '3300000000000001', '2020-11-09', 36, 'Ya', 'Ya', 'Tidak', '');

-- --------------------------------------------------------

--
-- Table structure for table `pemudik`
--

CREATE TABLE `pemudik` (
  `nik` varchar(16) NOT NULL,
  `asal` varchar(100) NOT NULL,
  `tujuan` enum('LIBURAN','MENJENGUK KELUARGA','PULANG KAMPUNG','LAINNYA') NOT NULL,
  `durasi` int(11) NOT NULL,
  `status_covid19` enum('POSITIF','ODP','PDP','ODR','OTG') NOT NULL,
  `wajib_pantau` enum('YA','TIDAK') NOT NULL,
  `keluhan_kesehatan` varchar(100) DEFAULT NULL,
  `tanggal_tiba` date NOT NULL DEFAULT current_timestamp()
) ENGINE=InnoDB DEFAULT CHARSET=utf8mb4;

--
-- Dumping data for table `pemudik`
--

INSERT INTO `pemudik` (`nik`, `asal`, `tujuan`, `durasi`, `status_covid19`, `wajib_pantau`, `keluhan_kesehatan`, `tanggal_tiba`) VALUES
('3300000000000001', 'Surabaya', 'PULANG KAMPUNG', 1, 'ODR', 'YA', '', '2020-11-09');

-- --------------------------------------------------------

--
-- Table structure for table `penduduk`
--

CREATE TABLE `penduduk` (
  `nik` varchar(16) NOT NULL,
  `nomor_kk` varchar(16) DEFAULT NULL,
  `nama` varchar(100) NOT NULL,
  `id_jenis_kelamin` int(11) NOT NULL,
  `tanggal_lahir` date NOT NULL,
  `tempat_lahir` varchar(100) NOT NULL,
  `id_hubungan_dalam_keluarga` int(11) NOT NULL,
  `id_agama` int(11) NOT NULL,
  `id_pendidikan_terakhir` int(11) NOT NULL,
  `id_pekerjaan` int(11) NOT NULL,
  `id_status_perkawinan` int(11) NOT NULL,
  `id_status_penduduk` int(11) NOT NULL,
  `nik_ayah` varchar(16) DEFAULT NULL,
  `nama_ayah` varchar(100) DEFAULT NULL,
  `nik_ibu` varchar(16) DEFAULT NULL,
  `nama_ibu` varchar(100) DEFAULT NULL,
  `id_rt` int(11) DEFAULT NULL,
  `tanggal_rekam` datetime NOT NULL DEFAULT current_timestamp()
) ENGINE=InnoDB DEFAULT CHARSET=utf8mb4;

--
-- Dumping data for table `penduduk`
--

INSERT INTO `penduduk` (`nik`, `nomor_kk`, `nama`, `id_jenis_kelamin`, `tanggal_lahir`, `tempat_lahir`, `id_hubungan_dalam_keluarga`, `id_agama`, `id_pendidikan_terakhir`, `id_pekerjaan`, `id_status_perkawinan`, `id_status_penduduk`, `nik_ayah`, `nama_ayah`, `nik_ibu`, `nama_ibu`, `id_rt`, `tanggal_rekam`) VALUES
('3300000000000001', '3300000000000000', 'Aldi Kurniawan', 1, '1999-06-25', 'Jombang', 3, 1, 8, 3, 1, 2, '', '', '', '', 10, '2020-11-06 13:18:38'),
('3301065008860007', '3303152106120001', 'SULTO`AH', 2, '1975-06-16', 'Jombang', 4, 2, 1, 7, 2, 1, '3303150203055730', 'SARIF DARMAWAN', '3303150203055222', 'SAONI', 8, '2020-11-04 00:00:00'),
('3303060207850001', '3303152702120004', 'DEDE HERMAWAN', 1, '1977-03-07', 'Jombang', 4, 1, 7, 8, 1, 1, '3303150203055204', 'SUMARJO', '3303152805120004', 'RATIYAH', 10, '2020-11-04 00:00:00'),
('3303124107600093', '3303150508070005', 'SAMSIYAH', 2, '2006-04-29', 'Jombang', 1, 1, 4, 7, 3, 1, '3303150203055694', 'KODIR', '3303150203055157', 'KAMSIYATI', 22, '2020-11-04 00:00:00'),
('3303140107600139', '3303150508070005', 'SUMIARSO', 1, '1968-05-24', 'Jombang', 4, 1, 2, 7, 4, 1, '3303150203055682', 'KUNTO REKSO SISWOYO', '3303150105090012', 'SUKINI', 22, '2020-11-04 00:00:00'),
('3303150102690002', '3303150203056262', 'SAMINGUN', 1, '1987-02-28', 'Jombang', 4, 1, 3, 4, 3, 1, '3303150203055680', 'KARMUNI', '3303151606120003', 'NOFIYANTI NURMALASARI', 3, '2020-11-04 00:00:00'),
('3303150103620002', '3303150203056346', 'RUMIARSO', 1, '1988-07-17', 'Jombang', 3, 1, 2, 1, 4, 1, '3303151208070174', 'MUJIANTO', '3303150203055210', 'WARSITI', 11, '2020-11-04 00:00:00'),
('3303150104780001', '3303150203056357', 'DARYONO', 1, '1984-07-06', 'Jombang', 2, 1, 4, 7, 4, 1, '3303150203055164', 'RASTAM', '3303152510110005', 'SITI SUWARNI', 12, '2020-11-04 00:00:00'),
('3303150104790001', '3303150203056268', 'DARYANTO', 1, '1980-02-03', 'Jombang', 4, 1, 5, 1, 4, 1, '3303150203055699', 'WISNU SATRIYO UTOMO', '3303150203055686', 'TURYATI', 5, '2020-11-04 00:00:00'),
('3303150107530047', '3303150203056338', 'MIARJO', 1, '1959-12-12', 'Jombang', 2, 1, 3, 8, 4, 1, '3303150203054635', 'KISWANTO', '3303152805120004', 'RATIYAH', 27, '2020-11-04 00:00:00'),
('3303150107660065', '3303150203056279', 'AHMAD ROSIDIN', 1, '1978-09-19', 'Jombang', 2, 1, 1, 7, 2, 1, '3303150203055157', 'FAJAR UTOMO', '3303151208070023', 'ROBINGAH', 6, '2020-11-04 00:00:00'),
('3303150107720058', '3303150203056356', 'DIRWAN', 1, '1965-05-30', 'Jombang', 4, 1, 5, 3, 1, 1, '3303150203055162', 'SUTRISNO', '3303152109070005', 'NYOMAN SRI ASIH', 12, '2020-11-04 00:00:00'),
('3303150107720064', '3303150205090007', 'SUKARSIM', 1, '1968-11-13', 'Jombang', 2, 1, 3, 7, 2, 1, '3303150203055710', 'MUHAMAD FARRUDIN', '3303150203055195', 'DARIYEM', 27, '2020-11-04 00:00:00'),
('3303150107780073', '3303150203055753', 'SOFYAN IRAWAN', 1, '1997-01-03', 'Jombang', 1, 1, 4, 6, 1, 1, '3303150203055182', 'MISNO', '3303150706070005', 'SUYATNI', 26, '2020-11-04 00:00:00'),
('3303150107790062', '3303152208070028', 'NUR AHMAD SUBEKTI', 1, '1974-01-04', 'Jombang', 3, 2, 6, 7, 2, 1, '3303150706070005', 'HENDARSO', '3303150203055225', 'DARTI', 8, '2020-11-04 00:00:00'),
('3303150110620001', '3303150908070527', 'SUKIRMAN', 1, '1948-10-28', 'Jombang', 2, 1, 2, 9, 1, 1, '3303151609090003', 'WAGIO', '3303150203055132', 'RAMINAH', 17, '2020-11-04 00:00:00'),
('3303150111600001', '3303150203055748', 'NURHADI Y', 1, '1973-08-24', 'Jombang', 4, 1, 1, 2, 1, 1, '3303150708070158', 'JUMIRAN', '3303150203055158', 'KURSIYAH', 25, '2020-11-04 00:00:00'),
('3303150112450002', '3303150203056366', 'ARSAREJA', 1, '1952-02-25', 'Jombang', 3, 1, 1, 3, 2, 1, '3303150203055192', 'WIWIT BASUKI', '3303150203055172', 'MARDIYAH', 13, '2020-11-04 00:00:00'),
('3303150112680001', '3303150203055796', 'RASMUD', 1, '1949-10-24', 'Jombang', 2, 1, 3, 4, 1, 1, '3303151406120013', 'TRIYONO', '3303150504120001', 'SRI WIGATI', 21, '2020-11-04 00:00:00'),
('3303150201870003', '3303151406120010', 'JANI NUR AWALIN', 1, '1978-04-15', 'Jombang', 3, 1, 6, 1, 2, 1, '3303151406120004', 'PUJI SUJIYANTO', '3303150708070078', 'ENI RUBIYANTI', 28, '2020-11-04 00:00:00'),
('3303150202580001', '3303150203055787', 'SUDIYONO', 1, '1953-02-25', 'Jombang', 1, 1, 5, 9, 1, 1, '3303150203056836', 'MAD RUSDI', '3303150203056305', 'ROSILA HAENI , A.MD.KEB', 2, '2020-11-04 00:00:00'),
('3303150203700004', '3303150203056322', 'SUTONO', 1, '1945-07-28', 'Jombang', 3, 1, 2, 7, 4, 1, '3303151208070007', 'MUHARJO', '3303150203055706', 'ENDANG PURWANINGSIH', 26, '2020-11-04 00:00:00'),
('3303150203740002', '3303150203056834', 'WARSONO', 1, '2004-12-06', 'Jombang', 1, 1, 3, 9, 3, 1, '3303150203055221', 'RISWANTO', '3303152510110009', 'EKA YUNIASIH', 7, '2020-11-04 00:00:00'),
('3303150204760002', '3303150203056317', 'KIRNOWO', 1, '2006-05-24', 'Jombang', 3, 1, 4, 9, 1, 1, '3303150203055699', 'WISNU SATRIYO UTOMO', '3303150203055686', 'TURYATI', 26, '2020-11-04 00:00:00'),
('3303150206840001', '3303152102120003', 'SARIMAN IMAM HIDAYAT', 1, '2004-01-17', 'Jombang', 1, 1, 5, 2, 1, 1, '3303150203055709', 'JIRUN MAD SUDARNO', '3303150203055193', 'YATIMAH', 18, '2020-11-04 00:00:00'),
('3303150206940001', '3303150203055791', 'MUH RIDHO KURNIAWAN', 1, '1990-12-27', 'Jombang', 3, 1, 7, 8, 1, 1, '3303150203055705', 'KUSMIARJI', '3303150203055691', 'KARSIYEM', 21, '2020-11-04 00:00:00'),
('3303150209940001', '3303150203055787', 'FAOJAN ABDUL AZIS', 1, '1952-05-05', 'Jombang', 1, 1, 1, 9, 2, 1, '3303150203056839', 'AHMAD SAEFUDIN', '3303150203056830', 'SUKARTI', 2, '2020-11-04 00:00:00'),
('3303150212780003', '3303151703090004', 'SUMARYO', 1, '1973-07-08', 'Jombang', 1, 2, 3, 7, 2, 1, '3303150203055703', 'SUMARNO', '3303150203055160', 'SRIYANTI', 8, '2020-11-04 00:00:00'),
('3303150303700002', '3303150203055143', 'SUHEDI', 1, '1987-11-10', 'Jombang', 4, 1, 3, 5, 3, 1, '3303151208070021', 'EKO SISWOYO', '3303150203055706', 'AYUATMA NIRMALA UTAMI', 1, '2020-11-04 00:00:00'),
('3303150303750001', '3303150608070163', 'SUWARTO', 1, '1997-11-10', 'Jombang', 3, 1, 6, 9, 3, 1, '3303150203056832', 'SURATMAN', '3303150203056287', 'ATUN PURNAMAWATI', 28, '2020-11-04 00:00:00'),
('3303150304840002', '3303150203056344', 'SUTIKNO', 1, '1961-07-05', 'Jombang', 3, 1, 7, 2, 4, 1, '3303150801090002', 'WASITO', '3303150203055206', 'SAWINEM', 11, '2020-11-04 00:00:00'),
('3303150305720002', '3303150203056812', 'JAMINGUN ACH SUGIARSO', 1, '1978-10-21', 'Jombang', 4, 1, 1, 2, 3, 1, '3303150908070515', 'MISNO', '3303150203055183', 'MARLINA ROHYANI', 13, '2020-11-04 00:00:00'),
('3303150305770002', '3303152208070030', 'SUTIMAN', 1, '2016-12-23', 'Jombang', 2, 2, 5, 5, 1, 1, '3303151208070200', 'TARSONO', '3303150203055682', 'SITI SUNDARI', 8, '2020-11-04 00:00:00'),
('3303150306750001', '3303150203056274', 'IKSAN', 1, '1961-02-26', 'Jombang', 1, 1, 6, 7, 1, 1, '3303151208070005', 'NAWIARJO', '3303150203055705', 'TUSINAH', 6, '2020-11-04 00:00:00'),
('3303150307790002', '3303150203056274', 'SOBRONI', 1, '1951-09-11', 'Jombang', 1, 1, 5, 6, 2, 1, '3303151112080004', 'LUDIANTO', '3303150203055704', 'RATMINAH', 6, '2020-11-04 00:00:00'),
('3303150401860001', '3303150203056815', 'SUJANTO', 1, '1951-10-15', 'Jombang', 4, 1, 2, 4, 3, 1, '3303152503090003', 'KARIMAN', '3303150203055192', 'NING PURWATI', 14, '2020-11-04 00:00:00'),
('3303150403710003', '3303150203056261', 'SURAJIM WIDIANTO', 1, '1962-08-01', 'Jombang', 2, 1, 5, 9, 4, 1, '3303150203055680', 'SUGIYATNO', '3303151604080005', 'IIN SUPARLINA', 3, '2020-11-04 00:00:00'),
('3303150403750001', '3303150203056819', 'CIPTO SUPARNO', 1, '1999-05-07', 'Jombang', 1, 1, 1, 1, 4, 1, '3303153012060008', 'SUROTO', '3303150608070172', 'YULI ARTATI', 14, '2020-11-04 00:00:00'),
('3303150403790002', '3303152208070033', 'KASITO', 1, '1971-02-16', 'Jombang', 2, 2, 7, 2, 4, 1, '3303150203055189', 'RUSMIARJO', '3303150203055728', 'MARSITI', 9, '2020-11-04 00:00:00'),
('3303150404820006', '3303150608070158', 'SUKIRMAN', 1, '1986-08-19', 'Jombang', 3, 1, 4, 9, 3, 1, '3303152208080002', 'SLAMET', '3303150908070489', 'UMIYATI', 28, '2020-11-04 00:00:00'),
('3303150404870001', '3303150203056826', 'DEDE ROMIYANTO', 1, '2008-04-26', 'Jombang', 4, 1, 2, 5, 4, 1, '3303150203055117', 'SUHARJO', '3303153012060008', 'PAINAH', 15, '2020-11-04 00:00:00'),
('3303150405790002', '3303150203055772', 'WASITO', 1, '1986-03-09', 'Jombang', 1, 1, 4, 5, 2, 1, '3303150203055176', 'TAMIARJO NISUN', '3303150203055702', 'TITI WIDAYANTI', 20, '2020-11-04 00:00:00'),
('3303150405850001', '3303150203056267', 'SUWARNO', 1, '2016-04-12', 'Jombang', 1, 1, 4, 8, 2, 1, '3303150203055697', 'KARTOMI', '3303150203055680', 'SURATMI', 5, '2020-11-04 00:00:00'),
('3303150406710004', '3303150203055795', 'SUWARDI', 1, '1973-05-19', 'Jombang', 4, 1, 1, 3, 1, 1, '3303151208070007', 'MUHARJO', '3303150203055706', 'ENDANG PURWANINGSIH', 21, '2020-11-04 00:00:00'),
('3303150407650001', '3303150203055756', 'NURDIARSO', 1, '1954-11-28', 'Jombang', 1, 1, 2, 3, 4, 1, '3303150203055720', 'AGUS MULYANTO', '3303150203055205', 'TURSIYAH', 19, '2020-11-04 00:00:00'),
('3303150408700002', '3303150203056315', 'RATIMAN', 1, '1972-08-13', 'Jombang', 4, 1, 4, 9, 3, 1, '3303150203055695', 'SLAMET', '3303152810110053', 'LUSIANA DEWI INTANIA', 26, '2020-11-04 00:00:00'),
('3303150408870002', '3303151406120008', 'TASIPUN', 1, '1988-02-17', 'Jombang', 4, 1, 7, 1, 2, 1, '3303150203055678', 'WIDIATMOKO', '3303153012080004', 'SOPINGAH', 7, '2020-11-04 00:00:00'),
('3303150412630001', '3303150203056355', 'SUTRISWO', 1, '1981-11-20', 'Jombang', 1, 1, 3, 4, 4, 1, '3303150203055156', 'MAWIREJA', '3303151406120014', 'WARYATI', 12, '2020-11-04 00:00:00'),
('3303150503580001', '3303150203056363', 'ABDUL ROSIDIN', 1, '1972-01-17', 'Jombang', 4, 1, 6, 6, 1, 1, '3303150203055180', 'ACHMAD DIKI DARMAWAN', '3303150203055162', 'PONIYEM', 12, '2020-11-04 00:00:00'),
('3303150504830005', '3303151401070002', 'MISNO YUNIANTO', 1, '1987-07-25', 'Jombang', 2, 1, 7, 7, 2, 1, '3303150203054631', 'HADI SUKARSO', '3303151401090001', 'SUPARMI', 17, '2020-11-04 00:00:00'),
('3303150505840001', '3303150203055755', 'WATIMAN', 1, '1981-12-02', 'Jombang', 1, 1, 2, 8, 1, 1, '3303150203055186', 'KARYAWIREJA', '3303150708070262', 'SUMARTI', 26, '2020-11-04 00:00:00'),
('3303150507480002', '3303150203056316', 'SUKHEMI', 1, '1963-04-02', 'Jombang', 2, 1, 1, 6, 3, 1, '3303150203055698', 'AJI SETIAWAN', '3303150203055684', 'KASMINAH', 26, '2020-11-04 00:00:00'),
('3303150507520002', '3303150203056332', 'TARNO', 1, '2017-09-04', 'Jombang', 2, 1, 7, 5, 1, 1, '3303150203055678', 'WIDIATMOKO', '3303153012080004', 'SOPINGAH', 26, '2020-11-04 00:00:00'),
('3303150507800007', '3303150704090003', 'SUWARNO', 1, '1957-11-22', 'Jombang', 2, 1, 5, 8, 2, 1, '3303150203056836', 'MAD RUSDI', '3303150203056305', 'ROSILA HAENI , A.MD.KEB', 28, '2020-11-04 00:00:00'),
('3303150508710001', '3303150708070033', 'KUSMANTO', 1, '1956-05-29', 'Jombang', 2, 1, 2, 5, 3, 1, '3303150708070078', 'SURATNO', '3303150203056833', 'PURWATI', 28, '2020-11-04 00:00:00'),
('3303150508880001', '3303150203056367', 'SUMARNO', 1, '2012-11-25', 'Jombang', 2, 1, 2, 9, 3, 1, '3303150608070167', 'SLAMET NUR IMAM', '3303150203055176', 'KATIRAH', 13, '2020-11-04 00:00:00'),
('3303150601660001', '3303150203056854', 'TOHIR ACHMAD SALAM WIYONO H', 1, '1979-12-25', 'Jombang', 4, 1, 6, 8, 4, 1, '3303150203055709', 'JIRUN MAD SUDARNO', '3303150203055193', 'YATIMAH', 27, '2020-11-04 00:00:00'),
('3303150611730001', '3303150203056827', 'SUKIMAN', 1, '1992-03-04', 'Jombang', 1, 1, 3, 7, 2, 1, '3303150203055122', 'PONIJAN', '3303153112060015', 'SRI PURWATI', 15, '2020-11-04 00:00:00'),
('3303150703520001', '3303150203056268', 'MUJAENI', 1, '1949-05-07', 'Jombang', 2, 1, 4, 6, 1, 1, '3303150203055699', 'PARDIMAN', '3303150203055687', 'PUTRI INDRIYATUN', 5, '2020-11-04 00:00:00'),
('3303150703720003', '3303150203056349', 'AHYANI', 1, '1981-12-01', 'Jombang', 2, 1, 5, 2, 4, 1, '3303150203055146', 'SARWANI', '3303150408090001', 'MUSLIMAH', 11, '2020-11-04 00:00:00'),
('3303150705330001', '3303150203055786', 'S PARTOHARJO', 1, '1997-01-20', 'Jombang', 2, 1, 5, 2, 3, 1, '3303150203056832', 'SURATMAN', '3303150203056287', 'ATUN PURNAMAWATI', 1, '2020-11-04 00:00:00'),
('3303150705850002', '3303152204120005', 'ACHMAD SODIKUN', 1, '2017-05-03', 'Jombang', 3, 1, 1, 4, 4, 1, '3303150203055710', 'MUHAMAD FARRUDIN', '3303150203055195', 'DARIYEM', 18, '2020-11-04 00:00:00'),
('3303150706790003', '3303152503080003', 'IMAM SUTOPO', 1, '1955-06-29', 'Jombang', 4, 1, 5, 5, 1, 1, '3303150203055201', 'SISMANTO', '3303151208070200', 'SU`AH S', 10, '2020-11-04 00:00:00'),
('3303150709800002', '3303150601090005', 'MUHAMAD CHAFID', 1, '1971-03-31', 'Jombang', 2, 1, 7, 7, 4, 1, '3303150203055728', 'SUTRIYO', '3303150203055219', 'RAKIDEM', 23, '2020-11-04 00:00:00'),
('3303150806950001', '3303150203055749', 'EDI SULISTIYO', 1, '1947-02-15', 'Jombang', 1, 1, 7, 5, 3, 1, '3303150708070175', 'DARTAM SUMARSO', '3303150203055159', 'TARIYAH', 25, '2020-11-04 00:00:00'),
('3303150807630001', '3303150203056277', 'UMAR HABIB', 1, '1996-01-03', 'Jombang', 2, 1, 7, 7, 2, 1, '3303152510110010', 'MOHAMMAD YUSUF', '3303151102090001', 'TRIMA JULIATI', 6, '2020-11-04 00:00:00'),
('3303150807840002', '3303150203056348', 'WAHYUANA', 1, '1979-12-07', 'Jombang', 3, 1, 4, 7, 1, 1, '3303152510110005', 'FESAR NUR', '3303150203055217', 'ANGGITA SINTA DEWI', 11, '2020-11-04 00:00:00'),
('3303150808920002', '3303150203056315', 'ANDI SETIAWAN', 1, '1959-06-08', 'Jombang', 2, 1, 3, 2, 3, 1, '3303150203055690', 'KARMAN HADI KARSITO', '3303152605120001', 'ENDANG MURNIATI', 26, '2020-11-04 00:00:00'),
('3303150903760002', '3303150705120006', 'AHMAD MUNTOHAR', 1, '1978-03-19', 'Jombang', 4, 1, 4, 9, 3, 1, '3303150203055709', 'TRI AGUS SUPONO', '3303150203055189', 'DASMI', 23, '2020-11-04 00:00:00'),
('3303150906440001', '3303150203056365', 'ARSAREJA', 1, '2017-04-03', 'Jombang', 4, 1, 1, 1, 2, 1, '3303150203055191', 'UNTUNG', '3303150203055168', 'LEWIH', 13, '2020-11-04 00:00:00'),
('3303151001480001', '3303150203055747', 'SUTARJO', 1, '1996-08-15', 'Jombang', 4, 1, 5, 9, 3, 1, '3303150708070085', 'TRIYONO', '3303150105090012', 'SUKINI', 25, '2020-11-04 00:00:00'),
('3303151001760001', '3303152208070029', 'SLAMET MUGIANTO', 1, '2006-07-27', 'Jombang', 1, 2, 6, 1, 2, 1, '3303150708070262', 'SUPAR', '3303150203055677', 'ANTIKASARI', 8, '2020-11-04 00:00:00'),
('3303151004800005', '3303150908070522', 'AHMAD SUTARNO', 1, '1950-07-09', 'Jombang', 4, 1, 5, 7, 1, 1, '3303151412040006', 'SALIMAN', '3303150203055129', 'SUTIRAH', 16, '2020-11-04 00:00:00'),
('3303151009940002', '3303150203056325', 'JATI ABDULAH', 1, '1983-02-13', 'Jombang', 2, 1, 4, 2, 1, 1, '3303152510110009', 'MUSTAQIM', '3303150908070491', 'HERNI RAHAYU', 26, '2020-11-04 00:00:00'),
('3303151010650002', '3303150203055126', 'SUKIRMAN', 1, '1953-08-27', 'Jombang', 1, 1, 3, 3, 4, 1, '3303150203055207', 'MADWIROJI', '3303150203055189', 'DASMI', 10, '2020-11-04 00:00:00'),
('3303151010650004', '3303150203055752', 'KASID SUPRIYADI', 1, '2015-12-05', 'Jombang', 3, 1, 5, 6, 1, 1, '3303151803100003', 'ANDRI KUNCORO', '3303150203055224', 'TRIATUN', 25, '2020-11-04 00:00:00'),
('3303151010660003', '3303151906120002', 'SUKIRMAN', 1, '1975-07-07', 'Jombang', 3, 1, 2, 2, 1, 1, '3303150203055137', 'RUSWADI', '3303150102100006', 'SITI AMIROH', 18, '2020-11-04 00:00:00'),
('3303151010690002', '3303150203055791', 'RUDI PRIYANTORO', 1, '1985-12-23', 'Jombang', 1, 1, 3, 1, 2, 1, '3303150203055704', 'RUSMIARJO', '3303150203055690', 'TUKIRAH', 21, '2020-11-04 00:00:00'),
('3303151011400001', '3303150203055769', 'KASTUJI', 1, '2003-04-15', 'Jombang', 2, 1, 2, 2, 4, 1, '3303153103080010', 'SUPRIYANTO', '3303150203055678', 'SUNARTI', 20, '2020-11-04 00:00:00'),
('3303151011560001', '3303150203056323', 'SUTARNO', 1, '1948-05-08', 'Jombang', 2, 1, 3, 9, 1, 1, '3303151406120013', 'TRIYONO', '3303150504120001', 'SRI WIGATI', 26, '2020-11-04 00:00:00'),
('3303151012560001', '3303150203055792', 'RASMIARJI', 1, '1959-03-23', 'Jombang', 4, 1, 2, 9, 3, 1, '3303150203055706', 'PUJI', '3303150203055696', 'SURIYAH', 21, '2020-11-04 00:00:00'),
('3303151102760002', '3303150203055793', 'DARMO SUGITO', 1, '2016-03-24', 'Jombang', 3, 1, 3, 5, 4, 1, '3303150908070489', 'TRIYONO', '3303150203055699', 'DARYANTI', 21, '2020-11-04 00:00:00'),
('3303151104680001', '3303150203055785', 'ADI SUTARDI', 1, '2013-12-25', 'Jombang', 4, 1, 4, 4, 3, 1, '3303152510110009', 'MUSTAQIM', '3303150908070491', 'HERNI RAHAYU', 1, '2020-11-04 00:00:00'),
('3303151104690001', '3303150203056824', 'MUGIARTO', 1, '2008-01-21', 'Jombang', 3, 1, 5, 1, 3, 1, '3303150203055113', 'TOTO WIDAYANTO', '3303152510110013', 'SUNARNI', 15, '2020-11-04 00:00:00'),
('3303151105480001', '3303150203056817', 'KARSONO', 1, '2007-03-26', 'Jombang', 2, 1, 3, 5, 2, 1, '3303152803090004', 'SARIMAN', '3303150608070167', 'SURATMI', 14, '2020-11-04 00:00:00'),
('3303151107630002', '3303152208070035', 'BURUS SUTRISNO', 1, '2010-09-21', 'Jombang', 4, 1, 6, 6, 4, 1, '3303150203055194', 'FERDINAN', '3303150501120004', 'SURYATI', 9, '2020-11-04 00:00:00'),
('3303151108770001', '3303151406120016', 'AGUS NARWOKO', 1, '1966-12-01', 'Jombang', 3, 2, 3, 7, 2, 1, '3303150203055702', 'MIFTAHUL AKHMAD FIRDAUS', '3303150203055158', 'KURSIYAH', 8, '2020-11-04 00:00:00'),
('3303151109720001', '3303151504090001', 'TAPSIR A. MUDASIR', 1, '1959-11-19', 'Jombang', 1, 1, 1, 1, 4, 1, '3303150203054635', 'KISWANTO', '3303152805120004', 'RATIYAH', 18, '2020-11-04 00:00:00'),
('3303151110800003', '3303151006060001', 'CARTO', 1, '1975-12-07', 'Jombang', 2, 1, 7, 8, 4, 1, '3303150203055716', 'CATAM MS', '3303150203055200', 'KHOTIMAH', 24, '2020-11-04 00:00:00'),
('3303151110830001', '3303151111110002', 'CARSONO', 1, '1956-09-26', 'Jombang', 3, 1, 4, 7, 1, 1, '3303152810110083', 'WAGIYO', '3303150501120004', 'SURYATI', 17, '2020-11-04 00:00:00'),
('3303151111690002', '3303150203056347', 'WASMIARJO', 1, '1976-10-16', 'Jombang', 3, 1, 4, 1, 3, 1, '3303152002090002', 'SUJITO EKO SAPUTRO', '3303150203055212', 'KASIYAH', 11, '2020-11-04 00:00:00'),
('3303151201930001', '3303150203056323', 'IMAM BUKHORI', 1, '1953-02-23', 'Jombang', 3, 1, 6, 9, 2, 1, '3303152109070007', 'WAGIMIN', '3303150708070067', 'DIAN SAFITRI', 26, '2020-11-04 00:00:00'),
('3303151202760001', '3303150203056318', 'DIRIN', 1, '1947-06-18', 'Jombang', 3, 1, 3, 2, 1, 1, '3303150203055704', 'RUSMIARJO', '3303150203055690', 'TUKIRAH', 26, '2020-11-04 00:00:00'),
('3303151203700001', '3303150203055760', 'ACHMAD TRIYANTO', 1, '2017-05-13', 'Jombang', 2, 1, 4, 4, 3, 1, '3303150203056324', 'SODERI', '3303150203055212', 'KASIYAH', 19, '2020-11-04 00:00:00'),
('3303151203920001', '3303150203055757', 'ISKANDAR', 1, '1959-02-27', 'Jombang', 1, 1, 3, 9, 2, 1, '3303150203055722', 'AFFANDI , H, S.PDI', '3303150203055207', 'DARIYAH', 19, '2020-11-04 00:00:00'),
('3303151204700001', '3303150203056327', 'SUWARSO', 1, '1945-05-11', 'Jombang', 2, 1, 2, 2, 2, 1, '3303150203055155', 'DARPIN DARMANTO', '3303151208070007', 'PARSINEM', 26, '2020-11-04 00:00:00'),
('3303151204830003', '3303150203056254', 'EKO SUSILO', 1, '2010-12-06', 'Jombang', 4, 1, 6, 9, 1, 1, '3303150203055155', 'DARPIN DARMANTO', '3303151208070007', 'PARSINEM', 21, '2020-11-04 00:00:00'),
('3303151205730005', '3303150203056822', 'SUROTO', 1, '1971-01-27', 'Jombang', 4, 1, 6, 9, 4, 1, '3303150203055106', 'WAHONO', '3303151702070008', 'NOVI ANDRIYANI', 15, '2020-11-04 00:00:00'),
('3303151206640002', '3303150203056352', 'JUREMI', 1, '2006-03-23', 'Jombang', 2, 1, 6, 5, 3, 1, '3303150203055152', 'SUWITO', '3303151208070003', 'DARSINI', 12, '2020-11-04 00:00:00'),
('3303151208740004', '3303150908070528', 'KARPIN', 1, '2001-09-06', 'Jombang', 1, 1, 2, 4, 2, 1, '3303152012110001', 'YUGA PRADANA', '3303150203055728', 'MARSITI', 17, '2020-11-04 00:00:00'),
('3303151209440001', '3303150203055779', 'DARSIDI', 1, '1980-06-19', 'Jombang', 2, 1, 7, 1, 4, 1, '3303150203055687', 'ERMA IMBARIAWAN', '3303152405120003', 'SURPI', 21, '2020-11-04 00:00:00'),
('3303151302470001', '3303150203056278', 'SANTIBI', 1, '1974-10-08', 'Jombang', 3, 1, 7, 5, 1, 1, '3303150203055155', 'DARPIN DARMANTO', '3303151208070007', 'PARSINEM', 6, '2020-11-04 00:00:00'),
('3303151303580001', '3303150203056314', 'KAMSIDI', 1, '1968-01-16', 'Jombang', 4, 1, 5, 7, 3, 1, '3303150203055686', 'SLAMET PRIYADI', '3303152306100002', 'SITI JAENAB RINA MIRA', 26, '2020-11-04 00:00:00'),
('3303151304800001', '3303150608070126', 'TURYANTO', 1, '1960-10-07', 'Jombang', 1, 1, 2, 4, 2, 1, '3303150203054632', 'MUHAMMAD ADITYA YANUARDY', '3303152405120002', 'DARSIH', 23, '2020-11-04 00:00:00'),
('3303151305690001', '3303150203056353', 'MARWANTO', 1, '1974-07-22', 'Jombang', 3, 1, 1, 4, 3, 1, '3303150203055153', 'MUHAMAD KUSTRIONO AJI', '3303151208070187', 'TITI HARYANTI', 12, '2020-11-04 00:00:00'),
('3303151311680002', '3303150203055790', 'SUPRIYADI', 1, '1953-06-04', 'Jombang', 1, 1, 2, 1, 1, 1, '3303150708070093', 'JUNJUNG, SE', '3303150203056835', 'MARWATI', 2, '2020-11-04 00:00:00'),
('3303151402910003', '3303150203056826', 'AGUS FERIYANTO', 1, '1977-09-05', 'Jombang', 2, 1, 2, 2, 2, 1, '3303150203055118', 'MARTAREJA', '3303153103080003', 'MEGAWANA', 15, '2020-11-04 00:00:00'),
('3303151403730001', '3303150212110004', 'SUTOYO', 1, '1971-05-17', 'Jombang', 1, 1, 3, 6, 1, 1, '3303150203055131', 'ASMAREJA', '3303150203055112', 'TRIANINGSIH', 15, '2020-11-04 00:00:00'),
('3303151406710001', '3303152208070027', 'SURYADITONO', 1, '1997-01-06', 'Jombang', 1, 2, 4, 6, 2, 1, '3303150203055731', 'RUSWIANTO WARIS', '3303150203055222', 'NUR CAHYUNI', 8, '2020-11-04 00:00:00'),
('3303151407940002', '3303150203055110', 'EKO SUROSO', 1, '2017-02-02', 'Jombang', 3, 1, 1, 9, 3, 1, '3303150203055723', 'WASIMAN.. S.AG', '3303150203055208', 'RUSMIATI', 24, '2020-11-04 00:00:00'),
('3303151409670001', '3303150203055770', 'JUMIARTO SAKIRIN', 1, '1977-01-22', 'Jombang', 1, 1, 1, 6, 3, 1, '3303150203055174', 'AGUS SUPRIYANTO', '3303150203055683', 'SUSIATI', 20, '2020-11-04 00:00:00'),
('3303151410850001', '3303150203056821', 'NUR ROHMAN HIDAYAT', 1, '1976-03-22', 'Jombang', 3, 1, 6, 2, 1, 1, '3303150203055103', 'SARTONO', '3303150908070515', 'TRI WIGATI TITIN W', 14, '2020-11-04 00:00:00'),
('3303151411690001', '3303150203056814', 'YITNO', 1, '2015-11-01', 'Jombang', 2, 1, 1, 6, 2, 1, '3303151702070008', 'EDI PRIYONO', '3303150203055187', 'RASEWO', 14, '2020-11-04 00:00:00'),
('3303151412910001', '3303150203056817', 'JONI SUWARDI', 1, '1946-04-10', 'Jombang', 4, 1, 6, 3, 2, 1, '3303152810110091', 'MUKLIS', '3303150608070168', 'SITI RAHAYU', 14, '2020-11-04 00:00:00'),
('3303151505890002', '3303152810110062', 'HARYOTO', 1, '2003-02-23', 'Jombang', 4, 1, 7, 2, 1, 1, '3303150203055716', 'WIKI SUBEKTI', '3303150203055201', 'TARISEM', 19, '2020-11-04 00:00:00'),
('3303151506680002', '3303150203056360', 'RASITO RASIKUN', 1, '1959-02-19', 'Jombang', 1, 1, 5, 8, 1, 1, '3303150203055174', 'AGUS SUPRIYANTO', '3303150203055147', 'SUPARMI', 12, '2020-11-04 00:00:00'),
('3303151507420002', '3303150203056315', 'SANMURADI', 1, '2005-10-21', 'Jombang', 1, 1, 1, 4, 1, 1, '3303150203055696', 'AHMAD DARSONO', '3303153009090002', 'FITRI SUNARTI', 26, '2020-11-04 00:00:00'),
('3303151507500007', '3303153001080005', 'KUSMENI', 1, '2015-02-23', 'Jombang', 3, 1, 5, 8, 2, 1, '3303150203055719', 'ACHMAD MUHAJIR', '3303150203055203', 'SURTINI', 19, '2020-11-04 00:00:00'),
('3303151507660002', '3303150203056329', 'SUNARYO', 1, '1954-02-25', 'Jombang', 4, 1, 7, 2, 1, 1, '3303150203055219', 'YUSHADI', '3303152109070007', 'SUMIRAH', 26, '2020-11-04 00:00:00'),
('3303151508530001', '3303150203056253', 'MIARJI', 1, '1973-03-06', 'Jombang', 2, 1, 6, 5, 4, 1, '3303152810110055', 'WARSO SUSENO', '3303151112080004', 'DWI AGUSTINA RAHAYU', 21, '2020-11-04 00:00:00'),
('3303151509330001', '3303150907120007', 'YASAWIKARTA', 1, '1965-03-15', 'Jombang', 2, 1, 7, 2, 2, 1, '3303150812110005', 'TRI RACHMONO', '3303150203055126', 'ERNAWATI', 16, '2020-11-04 00:00:00'),
('3303151509440001', '3303150203055784', 'RUSWANI', 1, '1955-04-11', 'Jombang', 4, 1, 5, 5, 1, 1, '3303152109070007', 'WAGIMIN', '3303150708070067', 'DIAN SAFITRI', 1, '2020-11-04 00:00:00'),
('3303151512930002', '3303150203055143', 'FAJAR EKO PURNOMO', 1, '1958-12-06', 'Jombang', 1, 1, 3, 2, 4, 1, '3303151208070023', 'MAKSUM', '3303150203056831', 'FATMAH KURNIATI RAHAYU', 1, '2020-11-04 00:00:00'),
('3303151604830003', '3303150203055773', 'SUWARNO', 1, '2007-07-23', 'Jombang', 1, 1, 5, 3, 1, 1, '3303150203055178', 'KIYONGKI', '3303150203055730', 'KHOTIMAH', 20, '2020-11-04 00:00:00'),
('3303151701710001', '3303150203056325', 'ISMAIL', 1, '1984-01-07', 'Jombang', 4, 1, 7, 7, 3, 1, '3303152510110010', 'MOHAMMAD YUSUF', '3303151102090001', 'TRIMA JULIATI', 26, '2020-11-04 00:00:00'),
('3303151702440001', '3303150203056260', 'MIRAJI', 1, '1997-11-21', 'Jombang', 1, 1, 4, 8, 3, 1, '3303152809090009', 'MARTIM', '3303151406120012', 'RUSTIATI', 3, '2020-11-04 00:00:00'),
('3303151704840001', '3303150906120019', 'WAGIMAN', 1, '1960-01-26', 'Jombang', 4, 1, 1, 9, 2, 1, '3303150203055715', 'SUCHEM', '3303150203055199', 'SRI RAHAYU', 24, '2020-11-04 00:00:00'),
('3303151705470001', '3303150203056820', 'SUHENI', 1, '2017-06-14', 'Jombang', 4, 1, 2, 6, 1, 1, '3303153112060015', 'EKO AGUS PURWANTO', '3303150908070511', 'MURTI', 14, '2020-11-04 00:00:00'),
('3303151706440001', '3303150203056351', 'MUHROJI', 1, '1977-07-11', 'Jombang', 1, 1, 7, 5, 4, 1, '3303150203055149', 'NURYAWIKARTA', '3303150805120008', 'ELI KHOLIFAH', 12, '2020-11-04 00:00:00'),
('3303151706710003', '3303150203055218', 'MARYONO', 1, '1997-05-14', 'Jombang', 2, 1, 7, 3, 2, 1, '3303150203055724', 'UJANG RAHMAT', '3303150203055209', 'SAIRAH', 24, '2020-11-04 00:00:00'),
('3303151712900002', '3303150203056259', 'FIANTO', 1, '2000-12-11', 'Jombang', 2, 1, 4, 6, 3, 1, '3303151606120003', 'KASITO', '3303150708070098', 'USWATUN ISNASARI', 3, '2020-11-04 00:00:00'),
('3303151802930001', '3303150203055796', 'PARYONO', 1, '2003-01-10', 'Jombang', 4, 1, 5, 6, 3, 1, '3303152109070007', 'WAGIMIN', '3303150708070067', 'DIAN SAFITRI', 21, '2020-11-04 00:00:00'),
('3303151803860003', '3303150203056259', 'UJANG SUTRISNO', 1, '1953-05-09', 'Jombang', 1, 1, 3, 8, 4, 1, '3303152306100002', 'AMIN MA`RUF', '3303151011110005', 'TRI PURWATI', 3, '2020-11-04 00:00:00'),
('3303151804790001', '3303150104080004', 'TANTO', 1, '1981-07-11', 'Jombang', 1, 1, 6, 4, 2, 1, '3303150203055205', 'TURYANTO', '3303153112080004', 'HESTI WIDYANINGSIH', 10, '2020-11-04 00:00:00'),
('3303151805730001', '3303150203056867', 'DARWIN', 1, '2013-05-27', 'Jombang', 3, 1, 2, 2, 1, 1, '3303150203055130', 'FERI HERMANTO', '3303150203055111', 'TARIYAH', 15, '2020-11-04 00:00:00'),
('3303151806800002', '3303150203056321', 'NUR YAHMAN', 1, '1973-03-11', 'Jombang', 1, 1, 3, 8, 2, 1, '3303151112080004', 'LUDIANTO', '3303150203055704', 'RATMINAH', 26, '2020-11-04 00:00:00'),
('3303151808800001', '3303150203056336', 'ACH SOLIKHIN', 1, '1992-12-05', 'Jombang', 1, 1, 1, 3, 4, 1, '3303150203054632', 'BAMBANG SUTRISNO, SH', '3303151611110003', 'MARINAH', 27, '2020-11-04 00:00:00'),
('3303151809820001', '3303150608070133', 'RATO', 1, '1974-02-11', 'Jombang', 2, 1, 2, 8, 2, 1, '3303150203054635', 'KISWANTO', '3303152805120004', 'RATIYAH', 23, '2020-11-04 00:00:00'),
('3303151811820002', '3303151109060015', 'NOPLIS HENDRI P', 1, '1954-09-02', 'Jombang', 1, 1, 3, 7, 2, 1, '3303150203055717', 'TASMIARJO', '3303150203055202', 'PURWANINGSIH', 24, '2020-11-04 00:00:00'),
('3303151812890002', '3303150508070005', 'ASMI TEGUH RIBOWO', 1, '2002-01-10', 'Jombang', 2, 1, 4, 5, 4, 1, '3303150203055683', 'TRI SUBOWO', '3303150203055155', 'TURMINAH', 22, '2020-11-04 00:00:00'),
('3303151901630002', '3303150203056348', 'MIARSO', 1, '1946-03-20', 'Jombang', 3, 1, 7, 5, 2, 1, '3303152808120015', 'TOFAN OKTO SOVANA', '3303150203055679', 'TUTI HARYATI', 11, '2020-11-04 00:00:00'),
('3303151906810003', '3303150203056853', 'EKO YUNIANTO', 1, '1973-10-13', 'Jombang', 2, 1, 3, 9, 3, 1, '3303150203055137', 'RUSWADI', '3303150102100006', 'SITI AMIROH', 27, '2020-11-04 00:00:00'),
('3303151907900001', '3303150203056362', 'JULIANTO', 1, '1976-09-26', 'Jombang', 3, 1, 1, 9, 1, 1, '3303150203055178', 'RASIDI', '3303150203055154', 'KUSLASTRI', 12, '2020-11-04 00:00:00'),
('3303151911670001', '3303150203056265', 'R. PRIYONO', 1, '1998-08-16', 'Jombang', 3, 1, 3, 5, 1, 1, '3303150203055686', 'DAMILIN', '3303152311110004', 'MARWATI', 4, '2020-11-04 00:00:00'),
('3303151911820001', '3303150203055762', 'CHAIRUN', 1, '1986-06-30', 'Jombang', 3, 1, 1, 1, 1, 1, '3303150708070142', 'RIYANTO', '3303150203055155', 'TURMINAH', 19, '2020-11-04 00:00:00'),
('3303152004890003', '3303150303100002', 'SUPRIYANTO', 1, '1976-01-23', 'Jombang', 2, 1, 4, 2, 2, 1, '3303150203055136', 'SUPRIYO', '3303150203055115', 'ROBIYAH', 16, '2020-11-04 00:00:00'),
('3303152005740001', '3303152208070034', 'WURYANTO', 1, '1952-03-03', 'Jombang', 3, 1, 6, 8, 2, 1, '3303150203055193', 'YATMIARTO', '3303150203055731', 'RUSWI', 9, '2020-11-04 00:00:00'),
('3303152005740004', '3303152702120007', 'NURCHEMI SARTIM', 1, '1983-10-18', 'Jombang', 4, 1, 4, 8, 2, 1, '3303150203055715', 'SUCHEM', '3303150203055199', 'SRI RAHAYU', 18, '2020-11-04 00:00:00'),
('3303152006740001', '3303150608070135', 'TOTO SURYOTO', 1, '1978-06-01', 'Jombang', 4, 1, 7, 5, 2, 1, '3303151208070021', 'EKO SISWOYO', '3303150203055706', 'AYUATMA NIRMALA UTAMI', 28, '2020-11-04 00:00:00'),
('3303152007500001', '3303150203056255', 'SUMARSO', 1, '1988-09-14', 'Jombang', 3, 1, 4, 1, 2, 1, '3303150203055157', 'FAJAR UTOMO', '3303151208070023', 'ROBINGAH', 22, '2020-11-04 00:00:00'),
('3303152007940001', '3303150203056825', 'ADE KURNIAWAN', 1, '2002-01-05', 'Jombang', 4, 1, 1, 6, 2, 1, '3303150203055114', 'PUJIANTO', '3303152803090004', 'SUMARNI', 15, '2020-11-04 00:00:00'),
('3303152008800002', '3303150708070035', 'AGUS RIONO', 1, '1988-07-06', 'Jombang', 2, 1, 6, 7, 2, 1, '3303150203055714', 'TASWORO', '3303150203055196', 'KARSIYEM', 24, '2020-11-04 00:00:00'),
('3303152009580001', '3303150203056350', 'SUMBANI SAYUTI', 1, '2008-05-27', 'Jombang', 1, 1, 7, 3, 3, 1, '3303150203055147', 'MUHAMMAD AKBAR PAMUNGKAS', '3303150708070048', 'SUBYANTI', 12, '2020-11-04 00:00:00'),
('3303152009620001', '3303150203056359', 'HADI TURYANTO', 1, '1985-04-04', 'Jombang', 4, 1, 6, 7, 1, 1, '3303150203055172', 'KASMID MAHMUD SAHRUDIN', '3303150103100007', 'SUTARTI', 12, '2020-11-04 00:00:00'),
('3303152012440001', '3303150203055776', 'KUSTARJI', 1, '1972-12-24', 'Jombang', 1, 1, 5, 2, 2, 1, '3303150203055183', 'REKSADIMEJA', '3303150708070260', 'SARI`AH', 20, '2020-11-04 00:00:00'),
('3303152104630002', '3303150203056815', 'DIMIARJO DIRIN', 1, '1947-01-02', 'Jombang', 4, 1, 7, 5, 4, 1, '3303152502100001', 'ARIS ANDRIANSAH', '3303150203055188', 'HEROWATI', 14, '2020-11-04 00:00:00'),
('3303152104720006', '3303150608070146', 'ACHMAD SUKARDI', 1, '1971-08-25', 'Jombang', 3, 1, 4, 1, 3, 1, '3303151406120013', 'TRIYONO', '3303150504120001', 'SRI WIGATI', 28, '2020-11-04 00:00:00'),
('3303152107940001', '3303150203056333', 'MUSLIM TURYANTO', 1, '1950-08-18', 'Jombang', 4, 1, 3, 4, 1, 1, '3303150203055694', 'KODIR', '3303150203055157', 'KAMSIYATI', 26, '2020-11-04 00:00:00'),
('3303152109670001', '3303150203056270', 'SENTOT B', 1, '1968-12-06', 'Jombang', 1, 1, 1, 2, 4, 1, '3303150203055705', 'KUSMIARJI', '3303150203055691', 'KARSIYEM', 5, '2020-11-04 00:00:00'),
('3303152206950002', '3303150203056822', 'WAHYU CANDERA WIJAYA', 1, '1945-12-06', 'Jombang', 4, 1, 6, 6, 2, 1, '3303150203055105', 'TARSUM', '3303151406120001', 'PONIRAH', 14, '2020-11-04 00:00:00'),
('3303152207840001', '3303150203056266', 'KARSO', 1, '1963-06-12', 'Jombang', 3, 1, 1, 5, 1, 1, '3303150203055690', 'KARMAN HADI KARSITO', '3303152605120001', 'ENDANG MURNIATI', 4, '2020-11-04 00:00:00'),
('3303152207870002', '3303150203056325', 'NASRUDIN', 1, '2005-09-16', 'Jombang', 1, 1, 7, 7, 3, 1, '3303152810110055', 'WARSO SUSENO', '3303151112080004', 'DWI AGUSTINA RAHAYU', 26, '2020-11-04 00:00:00'),
('3303152209460001', '3303150203056319', 'DARSONO', 1, '1949-10-26', 'Jombang', 4, 1, 4, 5, 2, 1, '3303150203055706', 'PUJI', '3303150203055696', 'SURIYAH', 26, '2020-11-04 00:00:00'),
('3303152210640001', '3303150203056320', 'HADI SUTRISNO', 1, '1999-01-17', 'Jombang', 3, 1, 5, 5, 2, 1, '3303150203056831', 'SAPTO WARDOYO', '3303150203055698', 'KARWEN', 26, '2020-11-04 00:00:00'),
('3303152303610001', '3303150203056825', 'ROCHMAT', 1, '1962-09-18', 'Jombang', 2, 1, 3, 6, 3, 1, '3303150203055114', 'SUTARJI', '3303152810110091', 'SUKAPTI', 15, '2020-11-04 00:00:00'),
('3303152303680001', '3303150203055755', 'WASMINTO', 1, '1994-09-28', 'Jombang', 2, 1, 6, 7, 2, 1, '3303150203055191', 'TRISWO', '3303150708070267', 'SATINI', 26, '2020-11-04 00:00:00'),
('3303152304770001', '3303151402120003', 'WARSO', 1, '1961-06-21', 'Jombang', 2, 1, 1, 4, 1, 1, '3303150203054632', 'MUHAMMAD ADITYA YANUARDY', '3303152405120002', 'DARSIH', 18, '2020-11-04 00:00:00'),
('3303152304770002', '3303150203056862', 'SUROSO', 1, '1954-12-25', 'Jombang', 4, 1, 6, 1, 2, 1, '3303150203055127', 'SUNARTO', '3303150203055107', 'RAMYATI', 15, '2020-11-04 00:00:00'),
('3303152307870002', '3303150303090001', 'SUKAMTO', 1, '2004-01-02', 'Jombang', 1, 1, 4, 2, 3, 1, '3303150203055219', 'YUSHADI', '3303152109070007', 'SUMIRAH', 22, '2020-11-04 00:00:00'),
('3303152311600001', '3303150203056259', 'KAMSIR', 1, '1952-07-15', 'Jombang', 2, 1, 2, 4, 4, 1, '3303152311110004', 'WIDIONO', '3303151406120003', 'RUKIYAM', 3, '2020-11-04 00:00:00'),
('3303152312780002', '3303150203056276', 'ARI BUDI PRIYATNO', 1, '1970-02-26', 'Jombang', 3, 1, 5, 9, 2, 1, '3303152208080002', 'SLAMET', '3303150908070489', 'UMIYATI', 6, '2020-11-04 00:00:00'),
('3303152403840001', '3303150512090001', 'WARSO', 1, '1995-04-25', 'Jombang', 1, 1, 3, 1, 3, 1, '3303150203055702', 'NURTIM', '3303150203055159', 'TARIYAH', 22, '2020-11-04 00:00:00'),
('3303152405700003', '3303150203056343', 'KUSNANTO', 1, '1951-11-16', 'Jombang', 2, 1, 4, 4, 4, 1, '3303150308070006', 'SUPARNO', '3303150203055203', 'SURTINI', 10, '2020-11-04 00:00:00'),
('3303152408920001', '3303150203055792', 'HERU ISNANTO', 1, '2016-05-13', 'Jombang', 1, 1, 1, 1, 4, 1, '3303150203056831', 'MUCHIDI WALUJO', '3303150203055697', 'KARSIH', 21, '2020-11-04 00:00:00'),
('3303152409680001', '3303150608070158', 'SIPUN', 1, '2015-12-31', 'Jombang', 4, 1, 6, 9, 4, 1, '3303152510110009', 'MUSTAQIM', '3303150908070491', 'HERNI RAHAYU', 28, '2020-11-04 00:00:00'),
('3303152411810002', '3303150203055765', 'MISTO', 1, '1990-04-06', 'Jombang', 2, 1, 7, 7, 4, 1, '3303152411090004', 'SARNO', '3303150203055225', 'DARTI', 20, '2020-11-04 00:00:00'),
('3303152412720001', '3303150203056264', 'WANTONO', 1, '1995-07-09', 'Jombang', 2, 1, 7, 5, 3, 1, '3303150203055686', 'IBNU WIJAYA', '3303152211110003', 'YUNIATI', 4, '2020-11-04 00:00:00'),
('3303152501900001', '3303150203056272', 'SUNARTO', 1, '1950-02-26', 'Jombang', 4, 1, 6, 4, 1, 1, '3303150203056831', 'SAPTO WARDOYO', '3303150203055698', 'KARWEN', 5, '2020-11-04 00:00:00'),
('3303152503790003', '3303152208070032', 'KASIRIN', 1, '1974-09-26', 'Jombang', 2, 2, 3, 6, 4, 1, '3303150102100006', 'SURATNO', '3303150203055702', 'TITI WIDAYANTI', 8, '2020-11-04 00:00:00'),
('3303152503830001', '3303152511080025', 'SLAMET', 1, '1959-03-08', 'Jombang', 3, 1, 5, 1, 3, 1, '3303150203055203', 'TIRTAWIREJA', '3303152405120002', 'DARSIH', 10, '2020-11-04 00:00:00'),
('3303152503910001', '3303150908070524', 'HARI PRIYANTO', 1, '2017-02-03', 'Jombang', 1, 1, 1, 1, 1, 1, '3303151412040007', 'MUHAMAT RIDWAN', '3303150203055131', 'KASINAH', 16, '2020-11-04 00:00:00'),
('3303152510740001', '3303150409060002', 'SAFIRIN', 1, '1992-10-18', 'Jombang', 1, 1, 5, 6, 4, 1, '3303150203055222', 'NURHEMI', '3303152510110010', 'DANI WULANDARI', 22, '2020-11-04 00:00:00'),
('3303152511710001', '3303150203056333', 'SALIMUN MULYANTO', 1, '1991-07-09', 'Jombang', 1, 1, 3, 5, 1, 1, '3303150203055702', 'MIFTAHUL AKHMAD FIRDAUS', '3303150203055158', 'KURSIYAH', 26, '2020-11-04 00:00:00'),
('3303152512530001', '3303150203056256', 'MIARTO', 1, '1950-12-10', 'Jombang', 3, 1, 6, 4, 4, 1, '3303151406120003', 'ADE MARTINUS', '3303150708070071', 'RUBIYANTI', 3, '2020-11-04 00:00:00'),
('3303152512670004', '3303150203056275', 'ALI MUSTOFA', 1, '1979-06-01', 'Jombang', 4, 1, 7, 2, 1, 1, '3303151208070023', 'MAKSUM', '3303150203056831', 'FATMAH KURNIATI RAHAYU', 6, '2020-11-04 00:00:00'),
('3303152601730001', '3303150203056813', 'SISWO SETIAWAN', 1, '1977-11-19', 'Jombang', 4, 1, 5, 3, 2, 1, '3303151406120001', 'WASIS', '3303150203055185', 'SULIYAH', 14, '2020-11-04 00:00:00'),
('3303152601860001', '3303150505120007', 'SUYATNO', 1, '1945-05-27', 'Jombang', 3, 1, 4, 9, 3, 1, '3303150508060004', 'GUNAWAN', '3303150203055123', 'SARIYAH', 16, '2020-11-04 00:00:00'),
('3303152603850002', '3303151606100003', 'KUSRIYANTO', 1, '1952-11-03', 'Jombang', 1, 1, 2, 5, 2, 1, '3303151604080005', 'H. KARTUM PRIYANTO', '3303150708070096', 'YULIA CHAFSARI, S.PT', 28, '2020-11-04 00:00:00'),
('3303152603950001', '3303150203056812', 'ADI FERNANDO', 1, '1959-10-30', 'Jombang', 4, 1, 7, 5, 3, 1, '3303151001120002', 'NISLAM FAUZIE', '3303150203055183', 'ROSIYAH', 13, '2020-11-04 00:00:00'),
('3303152604670001', '3303150908070524', 'PUJIANTO', 1, '1998-12-13', 'Jombang', 1, 1, 6, 8, 3, 1, '3303151412040008', 'SUTARYO', '3303150203055131', 'SURATI', 16, '2020-11-04 00:00:00'),
('3303152701660001', '3303150203056252', 'SATIMAN', 1, '2014-04-23', 'Jombang', 1, 1, 2, 7, 3, 1, '3303152510110009', 'MUSTAQIM', '3303150908070491', 'HERNI RAHAYU', 21, '2020-11-04 00:00:00'),
('3303152701720001', '3303150308060006', 'SUDARYO ACHMAD HUFRONI', 1, '1956-01-25', 'Jombang', 4, 1, 5, 7, 3, 1, '3303150203055715', 'LATIF SUGANDI', '3303150203055199', 'KADIYAH', 28, '2020-11-04 00:00:00'),
('3303152704740001', '3303152404070005', 'SUTORO', 1, '2016-08-16', 'Jombang', 4, 1, 5, 3, 2, 1, '3303150203055199', 'KADIMEJA', '3303150708070262', 'SUMARTI', 9, '2020-11-04 00:00:00'),
('3303152706950004', '3303150203055762', 'ANARIANTO', 1, '1970-03-06', 'Jombang', 2, 1, 1, 9, 2, 1, '3303150708070146', 'MOH MASRUKHIN GHOZALI', '3303150203055157', 'KAMSIYATI', 19, '2020-11-04 00:00:00'),
('3303152709800001', '3303152208070031', 'JUMAD', 1, '1959-01-24', 'Jombang', 3, 2, 1, 4, 2, 1, '3303151611110003', 'RIANTO', '3303150203055683', 'VEBRUANI PURWANITA', 8, '2020-11-04 00:00:00'),
('3303152712650001', '3303150203056370', 'HERI SAURI', 1, '1949-01-14', 'Jombang', 1, 1, 5, 6, 3, 1, '3303150908070511', 'TRIYATNO', '3303150203055180', 'WARTIYAH', 13, '2020-11-04 00:00:00'),
('3303152712780005', '3303150708070010', 'SUWARTO', 1, '1968-08-28', 'Jombang', 2, 1, 5, 5, 1, 1, '3303150203055710', 'DACHLAN ALI MOH HAERUDIN', '3303150203055194', 'MARYATI', 23, '2020-11-04 00:00:00'),
('3303152803910003', '3303150203056343', 'YUDIKA', 1, '2014-10-16', 'Jombang', 3, 1, 5, 1, 3, 1, '3303150408090001', 'HARTONO', '3303150203055204', 'SUMINAH', 10, '2020-11-04 00:00:00'),
('3303152807590002', '3303150203056357', 'MADIARJO', 1, '1950-07-10', 'Jombang', 3, 1, 7, 3, 2, 1, '3303150203055169', 'KASMAN', '3303152808120015', 'SITI MAISAROH', 12, '2020-11-04 00:00:00'),
('3303152808640001', '3303150203056257', 'ACHMAD SUHADI', 1, '2016-07-27', 'Jombang', 4, 1, 1, 6, 1, 1, '3303151406120005', 'SUHERMAN', '3303150708070081', 'SUKIRAH', 3, '2020-11-04 00:00:00'),
('3303152808770002', '3303151302090004', 'WAHYUDIN', 1, '1958-12-04', 'Jombang', 2, 1, 1, 7, 4, 1, '3303150203054629', 'RUSWANTO', '3303150708070267', 'SATINI', 17, '2020-11-04 00:00:00'),
('3303152810470001', '3303150203056335', 'SAHIDI', 1, '1974-04-04', 'Jombang', 3, 1, 5, 3, 2, 1, '3303150203055728', 'TOYIB RUSWANTO', '3303150203055221', 'SITI MARLINA', 27, '2020-11-04 00:00:00'),
('3303152810920006', '3303150203056328', 'ANGGER KADUNUNG MARUTO', 1, '1946-11-15', 'Jombang', 2, 1, 2, 1, 1, 1, '3303150203055157', 'ANDRI SUSANTO', '3303151208070026', 'MUNAH', 26, '2020-11-04 00:00:00'),
('3303152812430001', '3303150203056331', 'RASMAN HADI SUSMANTO', 1, '2015-07-01', 'Jombang', 3, 1, 6, 3, 2, 1, '3303150203055225', 'SAWIARJI', '3303152810110054', 'SUDARMI', 26, '2020-11-04 00:00:00'),
('3303152903690002', '3303150405120005', 'DARYONO', 1, '1961-05-31', 'Jombang', 3, 1, 6, 6, 2, 1, '3303150203055220', 'AGUNG WARYANTO', '3303152208080002', 'SAIDEM', 22, '2020-11-04 00:00:00'),
('3303152906810002', '3303150608070117', 'RUBISI EDI SAPUTRA', 1, '1946-08-13', 'Jombang', 2, 1, 6, 9, 1, 1, '3303150203055730', 'SARIF DARMAWAN', '3303150203055222', 'SAONI', 23, '2020-11-04 00:00:00'),
('3303152907830001', '3303150203055761', 'DARWOKO', 1, '1971-07-18', 'Jombang', 1, 1, 2, 3, 4, 1, '3303150203056847', 'WIDIARTO', '3303150203055217', 'SURATMI', 19, '2020-11-04 00:00:00'),
('3303152909680003', '3303150203056260', 'MISDAR DARMANTO', 1, '1957-08-31', 'Jombang', 3, 1, 3, 6, 4, 1, '3303152810110053', 'EDY PURWONO', '3303151412060006', 'NURYATI', 3, '2020-11-04 00:00:00'),
('3303152909900002', '3303150203055795', 'SUMANTO', 1, '1987-06-03', 'Jombang', 2, 1, 2, 3, 1, 1, '3303151208070021', 'EKO SISWOYO', '3303150203055706', 'AYUATMA NIRMALA UTAMI', 21, '2020-11-04 00:00:00'),
('3303152910820002', '3303152305120002', 'ABDULAH ROHMAN', 1, '2012-06-16', 'Jombang', 3, 1, 1, 6, 4, 1, '3303150203055714', 'RIYANTO FIDIYATMOKO', '3303150203055198', 'USWATUN CHASANAH', 18, '2020-11-04 00:00:00'),
('3303152911240001', '3303150203056829', 'SANWIRYA', 1, '1951-04-15', 'Jombang', 1, 1, 1, 5, 1, 1, '3303150203055124', 'PRAPTONO', '3303150203055105', 'MARINAH', 15, '2020-11-04 00:00:00'),
('3303153004630001', '3303150203055775', 'MASKUN', 1, '1980-11-04', 'Jombang', 4, 1, 7, 6, 3, 1, '3303150203055180', 'ACHMAD DIKI DARMAWAN', '3303150203055731', 'DESI RESNAWATI', 20, '2020-11-04 00:00:00'),
('3303153006860003', '3303150501100002', 'UNTUNG ANDIANTO', 1, '1970-09-26', 'Jombang', 3, 1, 6, 9, 2, 1, '3303150203055677', 'NARSUN', '3303152810110055', 'SETIARTI', 22, '2020-11-04 00:00:00'),
('3303153007670002', '3303151108060016', 'TARKIM ADI WIRANTO', 1, '1986-12-06', 'Jombang', 1, 1, 4, 4, 2, 1, '3303152510110006', 'IWAN SUBEKTI', '3303150203055731', 'RUSWI', 17, '2020-11-04 00:00:00'),
('3303153007680001', '3303150203055746', 'SUWITNO', 1, '1945-04-19', 'Jombang', 3, 1, 5, 7, 2, 1, '3303150203056324', 'SODERI', '3303150203055212', 'KASIYAH', 25, '2020-11-04 00:00:00'),
('3303153008770003', '3303150801080003', 'SUGENG PRIONO', 1, '1950-02-15', 'Jombang', 3, 1, 2, 9, 1, 1, '3303150708070089', 'SOLEHAN', '3303150203056833', 'PARSINI', 28, '2020-11-04 00:00:00'),
('3303153010910001', '3303150203056823', 'HERDI SETIADI', 1, '1987-07-30', 'Jombang', 2, 1, 1, 5, 3, 1, '3303150203055111', 'MUCHENI', '3303152502100001', 'SUMINI', 15, '2020-11-04 00:00:00'),
('3303153011470001', '3303150203056330', 'MUSLIMIN', 1, '2000-08-15', 'Jombang', 4, 1, 5, 2, 2, 1, '3303150203055220', 'AGUNG WARYANTO', '3303152208080002', 'SAIDEM', 26, '2020-11-04 00:00:00'),
('3303153012410003', '3303150203055759', 'WARSIDI', 1, '1982-06-15', 'Jombang', 3, 1, 1, 2, 3, 1, '3303150203055727', 'BEJO', '3303150203055210', 'AGUS MUGIANTI', 19, '2020-11-04 00:00:00'),
('3303153012420002', '3303150203056269', 'SUMARDI', 1, '2006-03-16', 'Jombang', 1, 1, 2, 5, 4, 1, '3303150203055704', 'RUSMIARJO', '3303150203055690', 'TUKIRAH', 5, '2020-11-04 00:00:00'),
('3303153012430002', '3303150203055751', 'SANURSIN', 1, '2016-08-17', 'Jombang', 1, 1, 4, 8, 1, 1, '3303151507090001', 'FAJAR TRI UTOMO', '3303150203055222', 'SAONI', 25, '2020-11-04 00:00:00'),
('3303153012450003', '3303150203055788', 'KARTODIHARJO', 1, '1946-05-10', 'Jombang', 4, 1, 3, 2, 1, 1, '3303150708070071', 'SUKIRNO', '3303150203056832', 'SELFIA YULIANI', 2, '2020-11-04 00:00:00'),
('3303153012450004', '3303150203056267', 'SUKARTO', 1, '1995-01-22', 'Jombang', 2, 1, 4, 5, 2, 1, '3303150203055698', 'AJI SETIAWAN', '3303150203055684', 'KASMINAH', 5, '2020-11-04 00:00:00'),
('3303153012480002', '3303150203056281', 'SUTARJI', 1, '1975-12-01', 'Jombang', 1, 1, 3, 5, 2, 1, '3303150203055220', 'YASWIREJA', '3303152208080002', 'PURWATI', 7, '2020-11-04 00:00:00'),
('3303153012560002', '3303150203055750', 'SUNARJO', 1, '2004-10-17', 'Jombang', 2, 1, 3, 4, 3, 1, '3303150708070183', 'BADA WIYANTO', '3303150203055219', 'RAKIDEM', 25, '2020-11-04 00:00:00'),
('3303153012560003', '3303150203056266', 'RUSWANTO', 1, '1983-05-25', 'Jombang', 4, 1, 7, 6, 2, 1, '3303150203055695', 'SLAMET', '3303152810110053', 'LUSIANA DEWI INTANIA', 4, '2020-11-04 00:00:00'),
('3303153012590002', '3303150203056272', 'MUHROJI', 1, '1975-12-19', 'Jombang', 4, 1, 5, 1, 4, 1, '3303150908070489', 'TRIYONO', '3303150203055699', 'DARYANTI', 5, '2020-11-04 00:00:00'),
('3303153012600002', '3303150203055788', 'AKHMAD RIHAD', 1, '2013-03-20', 'Jombang', 4, 1, 7, 2, 1, 1, '3303150708070078', 'SURATNO', '3303150203056833', 'PURWATI', 2, '2020-11-04 00:00:00'),
('3303153012690003', '3303150908070519', 'KITAR', 1, '2003-07-20', 'Jombang', 2, 1, 2, 9, 2, 1, '3303151412040004', 'SAGUH NOTO', '3303150203055127', 'TARSIH', 16, '2020-11-04 00:00:00'),
('3303153012800002', '3303151202080002', 'AMIN SAFANGAT', 1, '1958-08-02', 'Jombang', 2, 1, 7, 9, 1, 1, '3303153004120003', 'ALI ISMOKO', '3303150708070260', 'SARI`AH', 17, '2020-11-04 00:00:00'),
('3303153108750002', '3303151502120004', 'KIRNO', 1, '2001-11-20', 'Jombang', 3, 1, 6, 2, 2, 1, '3303151406120006', 'ARY PURWANTO', '3303150708070089', 'NASRIYAH', 28, '2020-11-04 00:00:00'),
('3303153108810003', '3303150502070002', 'SURURI', 1, '1975-05-16', 'Jombang', 4, 1, 1, 9, 4, 1, '3303150203055142', 'KASMIARJO', '3303150203055123', 'KIWENG', 16, '2020-11-04 00:00:00'),
('3303153110870001', '3303151910110002', 'YUDA KURNIAWAN', 1, '1945-08-02', 'Jombang', 1, 1, 3, 7, 1, 1, '3303152306100002', 'AMIN MA`RUF', '3303151011110005', 'TRI PURWATI', 28, '2020-11-04 00:00:00'),
('3303153112320003', '3303150203056341', 'SOHARI', 1, '1945-10-04', 'Jombang', 2, 1, 6, 4, 1, 1, '3303150203055212', 'SUMIARJO', '3303150203055199', 'KADIYAH', 10, '2020-11-04 00:00:00'),
('3303153112370001', '3303150203055773', 'WAHYADI', 1, '2009-02-20', 'Jombang', 4, 1, 3, 7, 3, 1, '3303150203055178', 'RASIDI', '3303150203055728', 'MARSITI', 20, '2020-11-04 00:00:00'),
('3303153112410004', '3303150203056816', 'MUSROJI', 1, '1950-04-05', 'Jombang', 2, 1, 4, 7, 3, 1, '3303152510110013', 'TEGUH SUPRIYATNO', '3303150203056306', 'KAWISEM', 14, '2020-11-04 00:00:00'),
('3303153112420004', '3303150203055768', 'MADILYAS', 1, '2000-08-03', 'Jombang', 3, 1, 1, 3, 4, 1, '3303153103080001', 'AGUS WINARTO', '3303150203055677', 'ANTIKASARI', 20, '2020-11-04 00:00:00'),
('3303153112420005', '3303150203055782', 'MADROSID', 1, '2002-03-26', 'Jombang', 1, 1, 2, 8, 1, 1, '3303150203055699', 'WISNU SATRIYO UTOMO', '3303150203055686', 'TURYATI', 21, '2020-11-04 00:00:00'),
('3303153112420007', '3303150203056369', 'DARMAJI', 1, '2015-01-12', 'Jombang', 2, 1, 5, 8, 2, 1, '3303150608070170', 'SUKMANTO', '3303150203055178', 'WASTIYAH', 13, '2020-11-04 00:00:00'),
('3303153112420009', '3303150203056361', 'MINARJI', 1, '1974-03-14', 'Jombang', 2, 1, 1, 1, 4, 1, '3303150203055176', 'TAMIARJO NISUN', '3303150203055152', 'NURSITI IKHTIAJI', 12, '2020-11-04 00:00:00'),
('3303153112430002', '3303152505120002', 'YAWIREJA', 1, '1956-10-01', 'Jombang', 1, 1, 3, 9, 2, 1, '3303150203055722', 'HERU ADE KRISTIANTO', '3303150203055206', 'SAWINEM', 24, '2020-11-04 00:00:00'),
('3303153112440002', '3303150203056271', 'KUSMIARJI', 1, '1991-02-10', 'Jombang', 4, 1, 6, 2, 1, 1, '3303150203055706', 'PUJI', '3303150203055696', 'SURIYAH', 5, '2020-11-04 00:00:00'),
('3303153112460003', '3303150203055771', 'MAHRAJI', 1, '2006-01-07', 'Jombang', 2, 1, 6, 6, 4, 1, '3303150203055175', 'SAEHUN', '3303150203055694', 'SUMARSIH', 20, '2020-11-04 00:00:00'),
('3303153112460004', '3303150203056334', 'MULYAWIROJI', 1, '1971-01-06', 'Jombang', 4, 1, 2, 8, 4, 1, '3303150203055703', 'SUMARNO', '3303150203055160', 'SRIYANTI', 27, '2020-11-04 00:00:00'),
('3303153112480002', '3303150203056321', 'MUHTORI', 1, '2014-10-16', 'Jombang', 2, 1, 6, 4, 3, 1, '3303151102090001', 'GONDO KUSUMO', '3303150203055700', 'MARLIDA GUNANTI', 26, '2020-11-04 00:00:00'),
('3303153112480004', '3303151212040043', 'TARSUDI', 1, '1987-10-20', 'Jombang', 3, 1, 5, 1, 1, 1, '3303151406120003', 'SARJI', '3303150707090004', 'PRITA PUSPITASARI', 28, '2020-11-04 00:00:00'),
('3303153112510002', '3303150203055761', 'YUSWADIHARJO', 1, '1996-11-10', 'Jombang', 3, 1, 4, 2, 3, 1, '3303150708070085', 'TRIYONO', '3303150105090012', 'SUKINI', 19, '2020-11-04 00:00:00'),
('3303153112520003', '3303150203056367', 'LASMIARJI', 1, '1973-01-12', 'Jombang', 1, 1, 2, 3, 4, 1, '3303150203056306', 'YAREJA', '3303150203055175', 'JUMINAH', 13, '2020-11-04 00:00:00'),
('3303153112520006', '3303150203055745', 'JUWENI', 1, '1990-02-13', 'Jombang', 2, 1, 2, 7, 3, 1, '3303150203055727', 'BEJO', '3303150203055210', 'AGUS MUGIANTI', 25, '2020-11-04 00:00:00'),
('3303153112540005', '3303150203055794', 'SANWIARJO', 1, '1999-01-02', 'Jombang', 2, 1, 7, 7, 2, 1, '3303151112080004', 'LUDIANTO', '3303150203055704', 'RATMINAH', 21, '2020-11-04 00:00:00'),
('3303153112560002', '3303150203055777', 'SUKARJI', 1, '1962-12-11', 'Jombang', 1, 1, 4, 9, 4, 1, '3303150203055191', 'TRISWO', '3303150708070267', 'SATINI', 21, '2020-11-04 00:00:00'),
('3303153112560005', '3303150203056821', 'MISMAN', 1, '2011-08-19', 'Jombang', 1, 1, 7, 2, 1, 1, '3303150203055103', 'MUHAMMAD LETONIAWAN PUTRA', '3303151001120002', 'DWI ANDARWATI', 14, '2020-11-04 00:00:00'),
('3303153112580003', '3303150203056339', 'RASMUDI', 1, '1975-10-04', 'Jombang', 4, 1, 1, 2, 4, 1, '3303150203055210', 'AHMAD SUPRIYANTO', '3303150203055195', 'DARIYEM', 10, '2020-11-04 00:00:00'),
('3303153112590002', '3303150203055762', 'DARJO', 1, '1988-06-02', 'Jombang', 1, 1, 5, 3, 4, 1, '3303150708070158', 'JUMIRAN', '3303150203055158', 'KURSIYAH', 19, '2020-11-04 00:00:00'),
('3303153112590003', '3303150203055780', 'RISTUN', 1, '1966-10-07', 'Jombang', 3, 1, 2, 1, 2, 1, '3303150203055695', 'SLAMET', '3303152810110053', 'LUSIANA DEWI INTANIA', 21, '2020-11-04 00:00:00'),
('3303153112600001', '3303150203055757', 'SUWARTO', 1, '1956-03-15', 'Jombang', 2, 1, 5, 4, 3, 1, '3303150203055723', 'WASIMAN.. S.AG', '3303150203055208', 'RUSMIATI', 19, '2020-11-04 00:00:00');
INSERT INTO `penduduk` (`nik`, `nomor_kk`, `nama`, `id_jenis_kelamin`, `tanggal_lahir`, `tempat_lahir`, `id_hubungan_dalam_keluarga`, `id_agama`, `id_pendidikan_terakhir`, `id_pekerjaan`, `id_status_perkawinan`, `id_status_penduduk`, `nik_ayah`, `nama_ayah`, `nik_ibu`, `nama_ibu`, `id_rt`, `tanggal_rekam`) VALUES
('3303153112600002', '3303150203055781', 'YASWIARJI', 1, '1971-08-15', 'Jombang', 4, 1, 7, 7, 2, 1, '3303150203055698', 'AJI SETIAWAN', '3303150203055684', 'KASMINAH', 21, '2020-11-04 00:00:00'),
('3303153112600003', '3303150203056342', 'KUSDIANTO TARMIDI', 1, '1949-09-01', 'Jombang', 2, 1, 1, 6, 4, 1, '3303150203055679', 'EKO TRIYATNO', '3303150203055201', 'TARISEM', 10, '2020-11-04 00:00:00'),
('3303153112660002', '3303150203056345', 'SUNARTO', 1, '1962-08-22', 'Jombang', 3, 1, 7, 1, 4, 1, '3303150908070001', 'SUDIYO', '3303150203055208', 'RUSMIATI', 11, '2020-11-04 00:00:00'),
('3303153112670003', '3303150203056362', 'SISWANTO', 1, '1985-12-04', 'Jombang', 4, 1, 3, 4, 2, 1, '3303150203055178', 'KIYONGKI', '3303150203055156', 'DASIYEM', 12, '2020-11-04 00:00:00'),
('3303153112680001', '3303150203056364', 'NURHEMI', 1, '2004-08-15', 'Jombang', 3, 1, 1, 8, 4, 1, '3303150203055183', 'REKSADIMEJA', '3303150203055163', 'DARSILAH', 13, '2020-11-04 00:00:00'),
('3303153112690003', '3303150203056823', 'ACHMAD SUMANTO', 1, '1957-01-15', 'Jombang', 1, 1, 2, 5, 3, 1, '3303150203055111', 'ANJAR ANUGRAH', '3303152503090003', 'OMI SUHAEMI', 15, '2020-11-04 00:00:00'),
('3303153112690006', '3303150203055763', 'SARNO', 1, '1956-06-26', 'Jombang', 1, 1, 3, 7, 2, 1, '3303150708070175', 'PRAWOTO', '3303150203055160', 'SRIYANTI', 19, '2020-11-04 00:00:00'),
('3303153112700002', '3303150203055764', 'AHMAD TURSINO', 1, '1968-12-26', 'Jombang', 3, 1, 7, 4, 3, 1, '3303151507090001', 'FAJAR TRI UTOMO', '3303150203055222', 'SAONI', 20, '2020-11-04 00:00:00'),
('3303153112720003', '3303150203056258', 'DAIMAN', 1, '2010-01-09', 'Jombang', 1, 1, 4, 4, 2, 1, '3303151412060006', 'SUYATNO', '3303150708070093', 'SOLICHATUN FITRIASARI', 3, '2020-11-04 00:00:00'),
('3303154101450001', '3303150708090005', 'LATIFAH', 2, '1988-02-11', 'Jombang', 4, 1, 7, 2, 4, 1, '3303150203055677', 'NARSUN', '3303152810110055', 'SETIARTI', 7, '2020-11-04 00:00:00'),
('3303154101680004', '3303150908070527', 'MUGI LESTARI', 2, '1948-05-17', 'Jombang', 1, 1, 3, 9, 4, 1, '3303151803080004', 'BADRIYANTO', '3303150203055702', 'TITI WIDAYANTI', 17, '2020-11-04 00:00:00'),
('3303154107610019', '3303150203056341', 'ROLIYAH', 2, '1989-04-10', 'Jombang', 2, 1, 1, 1, 1, 1, '3303150203055216', 'SAMIARJI', '3303150203055199', 'SRI RAHAYU', 10, '2020-11-04 00:00:00'),
('3303154107610022', '3303150203056366', 'DARSIYAH', 2, '1952-11-12', 'Jombang', 2, 1, 4, 7, 4, 1, '3303150203055701', 'SUMANTO', '3303150203055174', 'PAINAH', 13, '2020-11-04 00:00:00'),
('3303154112450001', '3303150203055751', 'WARSIYEM', 2, '1948-01-03', 'Jombang', 4, 1, 1, 3, 2, 1, '3303151711060003', 'SARKAM NAWIREJA', '3303150203055222', 'NUR CAHYUNI', 25, '2020-11-04 00:00:00'),
('3303154112540003', '3303150203055773', 'NARWEN', 2, '1977-05-03', 'Jombang', 3, 1, 4, 1, 2, 1, '3303150203055179', 'SUWARJO', '3303150203055731', 'RUSWI', 20, '2020-11-04 00:00:00'),
('3303154112720005', '3303150203055788', 'ROKHYATI', 2, '1991-11-20', 'Jombang', 4, 1, 7, 8, 2, 1, '3303150708070089', 'SOLEHAN', '3303150203056833', 'PARSINI', 2, '2020-11-04 00:00:00'),
('3303154201930002', '3303150203055747', 'MACHWATI', 2, '2012-07-04', 'Jombang', 3, 1, 3, 4, 3, 1, '3303150708070142', 'RIYANTO', '3303150203055155', 'TURMINAH', 25, '2020-11-04 00:00:00'),
('3303154203690001', '3303150203055775', 'MARWATI', 2, '1998-12-19', 'Jombang', 4, 1, 4, 3, 1, 1, '3303150203055181', 'NUR WAHIDIN WAKUM', '3303150501120004', 'SURYATI', 20, '2020-11-04 00:00:00'),
('3303154204790001', '3303150203055793', 'SRI WIGATI', 2, '2014-08-28', 'Jombang', 3, 1, 6, 5, 3, 1, '3303151102090001', 'GONDO KUSUMO', '3303150203055700', 'MARLIDA GUNANTI', 21, '2020-11-04 00:00:00'),
('3303154206790002', '3303150608070126', 'TURIYAH', 2, '2011-01-30', 'Jombang', 2, 1, 1, 2, 1, 1, '3303150203054634', 'WATIM', '3303152405120002', 'DEWI SARTIKA', 23, '2020-11-04 00:00:00'),
('3303154208820001', '3303150203056274', 'SULIATI', 2, '1991-04-27', 'Jombang', 4, 1, 5, 1, 4, 1, '3303151208070007', 'MUHARJO', '3303150203055706', 'ENDANG PURWANINGSIH', 6, '2020-11-04 00:00:00'),
('3303154211900001', '3303150303090001', 'NOFIATI', 2, '1954-11-23', 'Jombang', 3, 1, 2, 7, 4, 1, '3303150203055220', 'YASWIREJA', '3303152208080002', 'PURWATI', 22, '2020-11-04 00:00:00'),
('3303154212850003', '3303150608070135', 'ROCHYATI', 2, '1973-05-11', 'Jombang', 1, 1, 7, 4, 3, 1, '3303151208070023', 'MAKSUM', '3303150203056831', 'FATMAH KURNIATI RAHAYU', 28, '2020-11-04 00:00:00'),
('3303154301920002', '3303152208070035', 'EKA TRISWIDAYANTI', 2, '1984-03-25', 'Jombang', 3, 1, 1, 3, 2, 1, '3303150203055197', 'KASROJI', '3303150706070005', 'SUYATNI', 9, '2020-11-04 00:00:00'),
('3303154307830005', '3303150203056853', 'YENI FITRIAH', 2, '2017-09-02', 'Jombang', 1, 1, 4, 9, 4, 1, '3303150203055709', 'TRI AGUS SUPONO', '3303150203055189', 'DASMI', 27, '2020-11-04 00:00:00'),
('3303154405840002', '3303152208070030', 'SUWARNI', 2, '2002-12-24', 'Jombang', 3, 2, 4, 6, 4, 1, '3303151401090003', 'MARTODIHARJO', '3303150203055683', 'SUSIATI', 8, '2020-11-04 00:00:00'),
('3303154406760003', '3303150608070158', 'KAMISAH', 2, '1985-09-23', 'Jombang', 1, 1, 5, 4, 1, 1, '3303152510110010', 'MOHAMMAD YUSUF', '3303151102090001', 'TRIMA JULIATI', 28, '2020-11-04 00:00:00'),
('3303154406770001', '3303150203056834', 'ANIK SULASTRI', 2, '1966-06-06', 'Jombang', 4, 1, 6, 4, 1, 1, '3303150203055222', 'NURHEMI', '3303152510110010', 'DANI WULANDARI', 7, '2020-11-04 00:00:00'),
('3303154406780003', '3303152208070029', 'SURYATI', 2, '2009-03-11', 'Jombang', 4, 2, 4, 9, 1, 1, '3303150708070267', 'BUSRONI', '3303150203055678', 'SUNARTI', 8, '2020-11-04 00:00:00'),
('3303154406940002', '3303150203056275', 'MELA DWI ASTUTI', 2, '1995-10-07', 'Jombang', 2, 1, 3, 5, 4, 1, '3303151406120013', 'TRIYONO', '3303150504120001', 'SRI WIGATI', 6, '2020-11-04 00:00:00'),
('3303154409910001', '3303150203055746', 'SAPTOWATI', 2, '1968-12-18', 'Jombang', 2, 1, 6, 5, 2, 1, '3303150203056847', 'WIDIARTO', '3303150203055217', 'SURATMI', 25, '2020-11-04 00:00:00'),
('3303154409920003', '3303150203055775', 'SEPTIANA MASMARYANTI', 2, '1987-09-22', 'Jombang', 3, 1, 3, 9, 3, 1, '3303150203055182', 'MISNO', '3303150706070005', 'SUYATNI', 20, '2020-11-04 00:00:00'),
('3303154412750002', '3303150203056265', 'SUMANTI', 2, '1989-04-09', 'Jombang', 2, 1, 5, 4, 2, 1, '3303150203055687', 'ERMA IMBARIAWAN', '3303152405120003', 'SURPI', 4, '2020-11-04 00:00:00'),
('3303154501920002', '3303150508070005', 'LASTRI WAHYUNI', 2, '1963-11-20', 'Jombang', 4, 1, 6, 5, 2, 1, '3303150203055702', 'MIFTAHUL AKHMAD FIRDAUS', '3303150203055158', 'KURSIYAH', 22, '2020-11-04 00:00:00'),
('3303154503770001', '3303150203055755', 'WIYATMI', 2, '1992-07-04', 'Jombang', 3, 1, 5, 7, 2, 1, '3303150203055686', 'IBNU WIJAYA', '3303152211110003', 'YUNIATI', 26, '2020-11-04 00:00:00'),
('3303154505720003', '3303150203056823', 'JUMIYATI', 2, '1977-09-04', 'Jombang', 2, 1, 1, 6, 1, 1, '3303150203055112', 'DIRAN MARGI SANTOSO', '3303152506090009', 'WILARTI', 15, '2020-11-04 00:00:00'),
('3303154511460001', '3303150203056358', 'CARSEM', 2, '1952-02-28', 'Jombang', 2, 1, 7, 5, 1, 1, '3303150203055170', 'RUSMADI', '3303153112060012', 'KHOMSIYATI', 12, '2020-11-04 00:00:00'),
('3303154511740002', '3303150203055752', 'LAMIRAH', 2, '1981-02-25', 'Jombang', 2, 1, 2, 1, 3, 1, '3303152411090004', 'SARNO', '3303150203055225', 'DARTI', 25, '2020-11-04 00:00:00'),
('3303154512650002', '3303150203056258', 'SRI ANIFAH', 2, '1961-04-09', 'Jombang', 1, 1, 5, 2, 2, 1, '3303151604080005', 'H. KARTUM PRIYANTO', '3303150708070096', 'YULIA CHAFSARI, S.PT', 3, '2020-11-04 00:00:00'),
('3303154603470001', '3303150203055779', 'PARSIYAH', 2, '2010-06-08', 'Jombang', 4, 1, 1, 7, 1, 1, '3303150203055690', 'KARMAN HADI KARSITO', '3303152605120001', 'ENDANG MURNIATI', 21, '2020-11-04 00:00:00'),
('3303154603810003', '3303150104080004', 'TUFIAH PRAMASELA', 2, '2016-07-23', 'Jombang', 4, 1, 4, 4, 2, 1, '3303150203055206', 'SUGIMAN', '3303150102100006', 'SITI AMIROH', 10, '2020-11-04 00:00:00'),
('3303154604950001', '3303150203055790', 'APRILIANI ENDAH KUSUMASTUTY', 2, '1966-08-19', 'Jombang', 1, 1, 7, 3, 4, 1, '3303151406120003', 'SARJI', '3303150707090004', 'PRITA PUSPITASARI', 3, '2020-11-04 00:00:00'),
('3303154605930002', '3303150203055778', 'MEI WAY ARMUS LANZARINI', 2, '1966-07-05', 'Jombang', 2, 1, 1, 7, 1, 1, '3303150203055686', 'SLAMET PRIYADI', '3303152306100002', 'SITI JAENAB RINA MIRA', 21, '2020-11-04 00:00:00'),
('3303154606830002', '3303150801080003', 'PURWATI', 2, '1947-08-21', 'Jombang', 4, 1, 2, 5, 1, 1, '3303150708070093', 'JUNJUNG, SE', '3303150203056835', 'MARWATI', 28, '2020-11-04 00:00:00'),
('3303154608700001', '3303150203056343', 'KUSRIYAH', 2, '1958-07-21', 'Jombang', 1, 1, 5, 6, 3, 1, '3303150708070048', 'DIDIK SULISTIAWAN', '3303150203055205', 'TURSIYAH', 10, '2020-11-04 00:00:00'),
('3303154608800005', '3303150608070146', 'KARSIYAH', 2, '1953-11-19', 'Jombang', 4, 1, 7, 2, 1, 1, '3303152109070007', 'WAGIMIN', '3303150708070067', 'DIAN SAFITRI', 28, '2020-11-04 00:00:00'),
('3303154610590002', '3303150203055749', 'RUSMINI', 2, '1986-03-17', 'Jombang', 2, 1, 3, 6, 1, 1, '3303150708070175', 'PRAWOTO', '3303150203055160', 'SRIYANTI', 25, '2020-11-04 00:00:00'),
('3303154610680001', '3303150203056320', 'SITI KAWIAH', 2, '1983-07-29', 'Jombang', 1, 1, 7, 7, 3, 1, '3303150908070489', 'TRIYONO', '3303150203055699', 'DARYANTI', 26, '2020-11-04 00:00:00'),
('3303154703650003', '3303150203056363', 'SITI KHOTIMAH', 2, '1997-09-28', 'Jombang', 3, 1, 3, 9, 4, 1, '3303150203055181', 'NUR WAHIDIN WAKUM', '3303150203055162', 'BUDI KHOMSIATIN', 12, '2020-11-04 00:00:00'),
('3303154704700001', '3303150203056342', 'KUSMIATI', 2, '1995-04-10', 'Jombang', 3, 1, 7, 9, 3, 1, '3303150203056843', 'ALI PRASETYO', '3303150203055202', 'PURWANINGSIH', 10, '2020-11-04 00:00:00'),
('3303154707800002', '3303150705120006', 'MUFLIHAT', 2, '1947-03-11', 'Jombang', 3, 1, 6, 7, 3, 1, '3303150203055709', 'JIRUN MAD SUDARNO', '3303150203055193', 'YATIMAH', 23, '2020-11-04 00:00:00'),
('3303154709770001', '3303150805120003', 'WARTINI', 2, '1971-05-21', 'Jombang', 4, 1, 5, 2, 3, 1, '3303150708070096', 'IVAN MARGARIN, S.SI', '3303150203056837', 'SUPARTI', 28, '2020-11-04 00:00:00'),
('3303154711740003', '3303150203056252', 'RUSTI', 2, '1961-10-20', 'Jombang', 1, 1, 5, 7, 1, 1, '3303152510110010', 'MOHAMMAD YUSUF', '3303151102090001', 'TRIMA JULIATI', 21, '2020-11-04 00:00:00'),
('3303154806760002', '3303151504090001', 'NURWATI', 2, '2002-08-06', 'Jombang', 2, 1, 2, 9, 1, 1, '3303150203054635', 'MAD YUSUP', '3303153112080004', 'HESTI WIDYANINGSIH', 18, '2020-11-04 00:00:00'),
('3303154807780001', '3303150203056819', 'MURYATI', 2, '1986-02-08', 'Jombang', 3, 1, 2, 6, 4, 1, '3303153103080016', 'HADI PURWANTO', '3303150801100002', 'RINI YULIANTI', 14, '2020-11-04 00:00:00'),
('3303154808700002', '3303150409060002', 'PAINEM', 2, '1986-08-24', 'Jombang', 2, 1, 7, 3, 2, 1, '3303150203055225', 'SAWIARJI', '3303152810110054', 'SUDARMI', 22, '2020-11-04 00:00:00'),
('3303154810850001', '3303152511080025', 'RIANTI', 2, '1963-03-16', 'Jombang', 1, 1, 4, 9, 1, 1, '3303150203055203', 'ASEP SAEFUDIN', '3303152405120002', 'DEWI SARTIKA', 10, '2020-11-04 00:00:00'),
('3303154811790003', '3303151406120016', 'ARYATI', 2, '1976-03-08', 'Jombang', 4, 2, 2, 4, 2, 1, '3303150203055702', 'NURTIM', '3303150203055159', 'TARIYAH', 8, '2020-11-04 00:00:00'),
('3303154811850001', '3303152204120005', 'DAKIRAH', 2, '1996-11-07', 'Jombang', 2, 1, 3, 7, 1, 1, '3303150203055714', 'TASWORO', '3303150203055196', 'KARSIYEM', 18, '2020-11-04 00:00:00'),
('3303154812940001', '3303150203056332', 'NESIA UMU KHASANAH', 2, '2017-08-31', 'Jombang', 4, 1, 3, 9, 4, 1, '3303150203055683', 'TRI SUBOWO', '3303150203055155', 'TURMINAH', 26, '2020-11-04 00:00:00'),
('3303154903790001', '3303150708070033', 'KUSTINI', 2, '1964-05-30', 'Jombang', 4, 1, 3, 8, 2, 1, '3303150708070081', 'SUPARDAN', '3303150203056833', 'ARI LASTUTI', 28, '2020-11-04 00:00:00'),
('3303154904740003', '3303151906120002', 'JUMIRAH', 2, '1974-01-24', 'Jombang', 2, 1, 3, 4, 3, 1, '3303150203055709', 'TRI AGUS SUPONO', '3303150203055189', 'DASMI', 18, '2020-11-04 00:00:00'),
('3303154904910001', '3303152810110062', 'TIYAS SAFITRI', 2, '1965-02-03', 'Jombang', 1, 1, 4, 2, 2, 1, '3303150203055717', 'TASMIARJO', '3303150203055202', 'PURWANINGSIH', 19, '2020-11-04 00:00:00'),
('3303154905750002', '3303150203056828', 'SARIAH', 2, '2012-03-15', 'Jombang', 2, 1, 6, 8, 2, 1, '3303150203055124', 'KUSWONDO', '3303150203055104', 'RASMINI', 15, '2020-11-04 00:00:00'),
('3303154906590002', '3303150203056332', 'WARTIMAH', 2, '1998-09-09', 'Jombang', 4, 1, 6, 8, 3, 1, '3303150203055682', 'KUNTO REKSO SISWOYO', '3303150105090012', 'SUKINI', 26, '2020-11-04 00:00:00'),
('3303154909760001', '3303152702120007', 'ROBIYAH', 2, '2015-02-27', 'Jombang', 3, 1, 2, 3, 2, 1, '3303150203055716', 'CATAM MS', '3303150203055200', 'KHOTIMAH', 18, '2020-11-04 00:00:00'),
('3303154910670001', '3303150203056277', 'NURWATI', 2, '1994-05-24', 'Jombang', 3, 1, 6, 1, 1, 1, '3303153012080004', 'TASIPUN', '3303151208070005', 'SUDARTI', 6, '2020-11-04 00:00:00'),
('3303154911910001', '3303150303100002', 'DITA KUSUMA WARDANI', 2, '1959-05-15', 'Jombang', 1, 1, 2, 1, 2, 1, '3303150203055136', 'DWI SUPRIYANTO', '3303150203055117', 'TASMINAH', 16, '2020-11-04 00:00:00'),
('3303154912930002', '3303150203056341', 'ROCHYATI', 2, '1993-07-11', 'Jombang', 1, 1, 2, 2, 2, 1, '3303150203055217', 'SARNO', '3303150203055200', 'KHOTIMAH', 10, '2020-11-04 00:00:00'),
('3303155002450002', '3303150203055786', 'HARYATI', 2, '1959-08-15', 'Jombang', 3, 1, 4, 9, 3, 1, '3303150203056835', 'DANANG AL MISWAN', '3303150203056287', 'SUDARTI', 2, '2020-11-04 00:00:00'),
('3303155002800004', '3303152208070027', 'KAMSIYAH', 2, '1996-02-25', 'Jombang', 2, 2, 4, 7, 2, 1, '3303150501120004', 'SUDARSO', '3303150203055224', 'TRIATUN', 8, '2020-11-04 00:00:00'),
('3303155002940002', '3303150203056819', 'FEBRIYATI SAPUTRI', 2, '1999-12-15', 'Jombang', 2, 1, 1, 3, 2, 1, '3303153103080003', 'MASRUN', '3303150703120002', 'NATALIA PADMASARI', 14, '2020-11-04 00:00:00'),
('3303155002950001', '3303150203056347', 'FEBRIANTI', 2, '1999-03-16', 'Jombang', 2, 1, 7, 7, 3, 1, '3303152109070005', 'SARTO SIMATUPANG', '3303150203055215', 'SARKEM', 11, '2020-11-04 00:00:00'),
('3303155006650002', '3303150203056359', 'SUTIRAH', 2, '1962-09-09', 'Jombang', 3, 1, 6, 5, 1, 1, '3303150203055172', 'EKA BAGUS SYAHRUDIN', '3303150203055146', 'TUTI ARLIYAH', 12, '2020-11-04 00:00:00'),
('3303155006670001', '3303150203056821', 'MUHSIATI', 2, '1995-08-30', 'Jombang', 1, 1, 7, 5, 1, 1, '3303150203055104', 'MARTAJI', '3303151211090002', 'SURINI', 14, '2020-11-04 00:00:00'),
('3303155012460002', '3303150203055784', 'TURIYAH', 2, '1996-04-21', 'Jombang', 4, 1, 5, 5, 3, 1, '3303152208080002', 'SLAMET', '3303150908070489', 'UMIYATI', 1, '2020-11-04 00:00:00'),
('3303155012780003', '3303152510110004', 'KARTINAH', 2, '1958-05-26', 'Jombang', 3, 1, 5, 3, 4, 1, '3303150203055202', 'DIRWAN', '3303151611110003', 'MARINAH', 10, '2020-11-04 00:00:00'),
('3303155012870001', '3303150401070008', 'ROBINGATUL FAJRIYAH', 2, '1982-01-08', 'Jombang', 1, 1, 2, 2, 3, 1, '3303150203055138', 'ABDUL CHASAN SUBEHI', '3303150203055119', 'SAWIYAH', 16, '2020-11-04 00:00:00'),
('3303155102660001', '3303150203056348', 'RUNIYATI', 2, '1948-05-27', 'Jombang', 3, 1, 2, 3, 3, 1, '3303153112060012', 'AMIRUDIN', '3303150308070006', 'SUPRIATIN', 11, '2020-11-04 00:00:00'),
('3303155104810001', '3303150708070010', 'DWI HARTATI PUJI RAHAYU', 2, '1948-05-22', 'Jombang', 2, 1, 5, 5, 2, 1, '3303150203055710', 'MUHAMAD FARRUDIN', '3303150203055195', 'DARIYEM', 23, '2020-11-04 00:00:00'),
('3303155109480001', '3303150203056361', 'KARSIYAH', 2, '1952-06-05', 'Jombang', 4, 1, 3, 8, 1, 1, '3303150203055177', 'TARNUJI', '3303150203055153', 'SUGIARNI', 12, '2020-11-04 00:00:00'),
('3303155110750003', '3303150203056822', 'SARTINI', 2, '1961-09-04', 'Jombang', 4, 1, 5, 8, 1, 1, '3303150203055109', 'AKHIMIN', '3303152408090001', 'GANTI SUGIANTI', 15, '2020-11-04 00:00:00'),
('3303155110930001', '3303150203056279', 'ANA FERANIKA', 2, '1960-12-10', 'Jombang', 4, 1, 5, 9, 4, 1, '3303150203055157', 'ANDRI SUSANTO', '3303151208070026', 'MUNAH', 6, '2020-11-04 00:00:00'),
('3303155111630001', '3303150203056826', 'ROMINI', 2, '1971-11-04', 'Jombang', 1, 1, 7, 5, 3, 1, '3303150203055119', 'WARSIYANTO AL SIYANTO', '3303153103080016', 'WANTIYAH', 15, '2020-11-04 00:00:00'),
('3303155111710002', '3303150203056825', 'WATIMAH', 2, '1988-03-10', 'Jombang', 2, 1, 5, 5, 3, 1, '3303150203055117', 'TOFIK', '3303152810110103', 'RISMANTI', 15, '2020-11-04 00:00:00'),
('3303155111750001', '3303150203056867', 'RINAH', 2, '2011-04-06', 'Jombang', 2, 1, 3, 5, 1, 1, '3303150203055130', 'MUJIONO', '3303150203055112', 'RAHMADANI DEWI CAHYANI', 15, '2020-11-04 00:00:00'),
('3303155111770002', '3303150203056260', 'RASITI', 2, '1985-11-20', 'Jombang', 2, 1, 2, 4, 1, 1, '3303153009090002', 'WARYONO', '3303151502120001', 'TRI MEIATI', 3, '2020-11-04 00:00:00'),
('3303155111840002', '3303152208070028', 'SRI PUJI', 2, '2011-05-09', 'Jombang', 3, 2, 3, 4, 2, 1, '3303150708070260', 'SOFATUL IMAM', '3303150203055677', 'RASTI', 8, '2020-11-04 00:00:00'),
('3303155202800001', '3303150203055772', 'SOLIYAH', 2, '1963-09-06', 'Jombang', 1, 1, 4, 8, 2, 1, '3303150203055177', 'TARNUJI', '3303150203055702', 'ANJIRNI NUR KHASANAH', 20, '2020-11-04 00:00:00'),
('3303155205790003', '3303150203056317', 'ROHANI', 2, '1967-02-18', 'Jombang', 3, 1, 1, 5, 4, 1, '3303150203055699', 'PARDIMAN', '3303150203055687', 'PUTRI INDRIYATUN', 26, '2020-11-04 00:00:00'),
('3303155205800005', '3303150203056862', 'SUGINATUN', 2, '1947-10-27', 'Jombang', 4, 1, 1, 7, 1, 1, '3303150203055128', 'SUKAMTO', '3303150203055109', 'SOLIMAH', 15, '2020-11-04 00:00:00'),
('3303155205830004', '3303150908070522', 'IDA MELAWATI', 2, '1968-06-29', 'Jombang', 1, 1, 5, 4, 3, 1, '3303151412040007', 'GALIH SUSANTO', '3303150203055130', 'BADIAH', 16, '2020-11-04 00:00:00'),
('3303155209710003', '3303150203056352', 'KUSMIATI', 2, '2014-03-13', 'Jombang', 1, 1, 7, 8, 2, 1, '3303150203055153', 'KUSUMO ARIBOWO', '3303151208070174', 'SRI LESTARININGSIH', 12, '2020-11-04 00:00:00'),
('3303155210570001', '3303150203055765', 'KARWEN', 2, '2009-06-25', 'Jombang', 1, 1, 7, 2, 3, 1, '3303152510110003', 'UMAR', '3303150203055677', 'RASTI', 20, '2020-11-04 00:00:00'),
('3303155210620003', '3303150203055762', 'SUKARTI', 2, '1971-09-27', 'Jombang', 4, 1, 6, 2, 2, 1, '3303150708070175', 'DARTAM SUMARSO', '3303150203055159', 'TARIYAH', 19, '2020-11-04 00:00:00'),
('3303155302880002', '3303150501100002', 'SARINAH', 2, '1954-12-07', 'Jombang', 1, 1, 5, 5, 2, 1, '3303150203055678', 'WIDIATMOKO', '3303153012080004', 'SOPINGAH', 22, '2020-11-04 00:00:00'),
('3303155303690001', '3303150203056325', 'RUSMIATI', 2, '1961-08-28', 'Jombang', 2, 1, 6, 6, 2, 1, '3303153012080004', 'TASIPUN', '3303151208070005', 'SUDARTI', 26, '2020-11-04 00:00:00'),
('3303155305730001', '3303150203055126', 'RUMINAH', 2, '1984-07-15', 'Jombang', 3, 1, 4, 9, 3, 1, '3303150203055208', 'ACH SUHADI', '3303150203055193', 'YATIMAH', 10, '2020-11-04 00:00:00'),
('3303155312590001', '3303150401070008', 'SUPARTI', 2, '1965-08-05', 'Jombang', 1, 1, 6, 2, 2, 1, '3303150203055138', 'HADIMIN SOBAR', '3303150203055122', 'SISWATI', 16, '2020-11-04 00:00:00'),
('3303155312730002', '3303150203055746', 'SISWATI', 2, '1967-08-13', 'Jombang', 3, 1, 4, 4, 4, 1, '3303150203056324', 'MUDIARTO', '3303150203055215', 'SARKEM', 25, '2020-11-04 00:00:00'),
('3303155401690001', '3303150203056264', 'ENY TIYARSIH', 2, '2005-09-03', 'Jombang', 1, 1, 7, 9, 3, 1, '3303150203055686', 'SLAMET PRIYADI', '3303152306100002', 'SITI JAENAB RINA MIRA', 4, '2020-11-04 00:00:00'),
('3303155402910003', '3303151406120009', 'INDAH SUSANTI', 2, '1987-12-16', 'Jombang', 4, 2, 5, 9, 1, 1, '3303150203055683', 'TRI SUBOWO', '3303150203055155', 'TURMINAH', 7, '2020-11-04 00:00:00'),
('3303155406760003', '3303150203056356', 'RUBIYANTI', 2, '1969-04-12', 'Jombang', 4, 1, 1, 6, 3, 1, '3303150203055163', 'SUMERI', '3303152207090005', 'RISWIATI', 12, '2020-11-04 00:00:00'),
('3303155406770002', '3303150203055785', 'WATIAH', 2, '1990-09-01', 'Jombang', 3, 1, 1, 4, 2, 1, '3303152510110010', 'MOHAMMAD YUSUF', '3303151102090001', 'TRIMA JULIATI', 1, '2020-11-04 00:00:00'),
('3303155410910001', '3303150203055788', 'AYU RAHMAWATI', 2, '1993-03-19', 'Jombang', 4, 1, 2, 9, 1, 1, '3303150708070081', 'SUPARDAN', '3303150203056833', 'ARI LASTUTI', 2, '2020-11-04 00:00:00'),
('3303155502680002', '3303150203056815', 'ROHIMAH', 2, '1980-07-23', 'Jombang', 3, 1, 2, 7, 3, 1, '3303152506090009', 'MOHAMAD MUTADIM', '3303150203055701', 'KUSWANTI', 14, '2020-11-04 00:00:00'),
('3303155504840003', '3303151109060015', 'DIAN RESTUTIANI', 2, '1949-11-08', 'Jombang', 1, 1, 7, 7, 1, 1, '3303150203055719', 'ACHMAD MUHAJIR', '3303150203055203', 'SURTINI', 24, '2020-11-04 00:00:00'),
('3303155505740002', '3303150608070163', 'RASITEM', 2, '1968-07-23', 'Jombang', 1, 1, 7, 6, 1, 1, '3303150203056835', 'DANANG AL MISWAN', '3303150203056287', 'SUDARTI', 28, '2020-11-04 00:00:00'),
('3303155506530002', '3303150205090007', 'NARWEN', 2, '1964-09-22', 'Jombang', 4, 1, 3, 2, 4, 1, '3303150203055714', 'TASWORO', '3303150203055196', 'KARSIYEM', 28, '2020-11-04 00:00:00'),
('3303155507410001', '3303150203056298', 'TASIYEM', 2, '1985-03-20', 'Jombang', 1, 1, 6, 7, 2, 1, '3303150203055209', 'WASIS', '3303150203055194', 'MARYATI', 10, '2020-11-04 00:00:00'),
('3303155507420004', '3303150203056318', 'KARSEM', 2, '1994-05-26', 'Jombang', 1, 1, 6, 5, 4, 1, '3303150203055705', 'SUGITO', '3303150203055692', 'RAMISAH', 26, '2020-11-04 00:00:00'),
('3303155507830001', '3303150203056318', 'WARSITI', 2, '1958-07-19', 'Jombang', 2, 1, 6, 3, 4, 1, '3303150203055705', 'KUSMIARJI', '3303150203055691', 'KARSIYEM', 26, '2020-11-04 00:00:00'),
('3303155507930002', '3303150505120007', 'YULIARNI', 2, '1966-01-28', 'Jombang', 1, 1, 5, 8, 1, 1, '3303150708060005', 'KARYANTO', '3303150203055124', 'DARSIYAH', 16, '2020-11-04 00:00:00'),
('3303155509930001', '3303150704090003', 'LINDA PURNAMASARI', 2, '1956-02-17', 'Jombang', 3, 1, 5, 6, 2, 1, '3303150203056839', 'AHMAD SAEFUDIN', '3303150203056830', 'SUKARTI', 28, '2020-11-04 00:00:00'),
('3303155510740001', '3303150203055218', 'SUYATMI', 2, '1967-03-15', 'Jombang', 3, 1, 2, 7, 4, 1, '3303150203055726', 'HERI SUSWANTO', '3303150203055210', 'WARSITI', 24, '2020-11-04 00:00:00'),
('3303155512590002', '3303150203056272', 'SURATI', 2, '1978-04-21', 'Jombang', 2, 1, 5, 9, 1, 1, '3303151102090001', 'GONDO KUSUMO', '3303150203055700', 'MARLIDA GUNANTI', 5, '2020-11-04 00:00:00'),
('3303155512890001', '3303150512090001', 'DEFIYANTI', 2, '1977-08-19', 'Jombang', 1, 1, 4, 8, 1, 1, '3303150203055703', 'SUMARNO', '3303150203055160', 'SRIYANTI', 23, '2020-11-04 00:00:00'),
('3303155603840001', '3303152102120003', 'YATI', 2, '1989-10-14', 'Jombang', 2, 1, 4, 8, 1, 1, '3303150203055710', 'DACHLAN ALI MOH HAERUDIN', '3303150203055194', 'MARYATI', 18, '2020-11-04 00:00:00'),
('3303155603850001', '3303150203056348', 'DIAN SOFIATI', 2, '1972-07-10', 'Jombang', 4, 1, 2, 3, 4, 1, '3303152911060005', 'TARKUM', '3303150203056843', 'NUR HIDAYATI', 11, '2020-11-04 00:00:00'),
('3303155608520001', '3303150203056849', 'TATI SUPRAPTI', 2, '1973-10-03', 'Jombang', 1, 1, 5, 7, 2, 1, '3303150203055225', 'SAWIARJI', '3303152810110054', 'SUDARMI', 7, '2020-11-04 00:00:00'),
('3303155608650002', '3303150203056254', 'MARSIYATI', 2, '1991-11-30', 'Jombang', 2, 1, 7, 7, 3, 1, '3303150203055157', 'WARTIMAN', '3303151208070021', 'EKSI ENDAH APRIYASTUTI', 22, '2020-11-04 00:00:00'),
('3303155610850001', '3303151401070002', 'YUNIARTI', 2, '1969-01-20', 'Jombang', 1, 1, 3, 6, 2, 1, '3303150203054632', 'BAMBANG SUTRISNO, SH', '3303151611110003', 'MARINAH', 17, '2020-11-04 00:00:00'),
('3303155702670002', '3303150203056370', 'JARIYAH', 2, '1993-12-20', 'Jombang', 2, 1, 5, 2, 3, 1, '3303150908070513', 'TEGAR HARYO GUNOWO', '3303150203055182', 'MINATI', 13, '2020-11-04 00:00:00'),
('3303155702950002', '3303150203056346', 'TETI MAHFIROH', 2, '2009-10-28', 'Jombang', 2, 1, 7, 5, 1, 1, '3303151912060002', 'SUDARSO', '3303150203055211', 'YANTI ASTUTI', 11, '2020-11-04 00:00:00'),
('3303155703890001', '3303151302090004', 'DANIATI', 2, '1950-12-13', 'Jombang', 4, 1, 1, 5, 4, 1, '3303150203054631', 'HERI SUGIANTO', '3303151208070200', 'SU`AH S', 17, '2020-11-04 00:00:00'),
('3303155704950001', '3303150203055763', 'RAHAYU INGGITTASARI', 2, '1999-03-18', 'Jombang', 3, 1, 1, 8, 1, 1, '3303150708070183', 'BADA WIYANTO', '3303150203055219', 'RAKIDEM', 20, '2020-11-04 00:00:00'),
('3303155801900002', '3303150203056277', 'ESDA AFIANI', 2, '1950-11-26', 'Jombang', 2, 1, 4, 8, 1, 1, '3303152810110055', 'WARSO SUSENO', '3303151112080004', 'DWI AGUSTINA RAHAYU', 6, '2020-11-04 00:00:00'),
('3303155804590001', '3303150203056820', 'SURYATI', 2, '2012-03-14', 'Jombang', 4, 1, 4, 3, 1, 1, '3303153112060015', 'AGUS WALFAIZIN.S.IP.MM', '3303150908070513', 'KUSLIMASRI', 14, '2020-11-04 00:00:00'),
('3303155804870001', '3303151111110002', 'WURYATI', 2, '1998-06-23', 'Jombang', 1, 1, 6, 8, 4, 1, '3303152810110084', 'DARIMAN', '3303150706070005', 'SUYATNI', 17, '2020-11-04 00:00:00'),
('3303155809560002', '3303150203056338', 'SUMARNI', 2, '1995-09-03', 'Jombang', 2, 1, 2, 3, 3, 1, '3303150203054635', 'MAD YUSUP', '3303153112080004', 'HESTI WIDYANINGSIH', 27, '2020-11-04 00:00:00'),
('3303155809760001', '3303150203056349', 'RUSMI', 2, '1947-06-27', 'Jombang', 3, 1, 4, 9, 1, 1, '3303150203055147', 'MUHAMAD JIBRIL AY', '3303150708060006', 'ROCHYATI', 12, '2020-11-04 00:00:00'),
('3303155810850005', '3303150601090005', 'WAHYANTI', 2, '1999-12-21', 'Jombang', 2, 1, 3, 6, 1, 1, '3303150203055728', 'TOYIB RUSWANTO', '3303150203055221', 'SITI MARLINA', 23, '2020-11-04 00:00:00'),
('3303155812670001', '3303150203055756', 'KAMINI', 2, '1945-04-18', 'Jombang', 4, 1, 1, 8, 4, 1, '3303150203055722', 'HERU ADE KRISTIANTO', '3303150203055206', 'SAWINEM', 19, '2020-11-04 00:00:00'),
('3303155901830001', '3303150203056276', 'RISWATI', 2, '2001-08-09', 'Jombang', 1, 1, 3, 4, 1, 1, '3303152510110009', 'MUSTAQIM', '3303150908070491', 'HERNI RAHAYU', 6, '2020-11-04 00:00:00'),
('3303155904610002', '3303150203055787', 'SUTIMAH', 2, '2000-06-23', 'Jombang', 4, 1, 2, 4, 4, 1, '3303150707090004', 'SUMARNO', '3303150203056832', 'SRI WATI', 2, '2020-11-04 00:00:00'),
('3303155907700001', '3303150203055763', 'ROMYATI', 2, '2000-11-23', 'Jombang', 4, 1, 3, 2, 1, 1, '3303151404100001', 'BUDHI HARYANTO, S.PT', '3303150203055221', 'SITI MARLINA', 20, '2020-11-04 00:00:00'),
('3303156001950002', '3303150203056330', 'KUSWITI', 2, '1998-06-02', 'Jombang', 1, 1, 1, 9, 3, 1, '3303150203055221', 'RISWANTO', '3303152510110009', 'EKA YUNIASIH', 26, '2020-11-04 00:00:00'),
('3303156002590001', '3303150203056253', 'SUWARTI', 2, '1972-06-13', 'Jombang', 4, 1, 1, 8, 3, 1, '3303153012080004', 'TASIPUN', '3303151208070005', 'SUDARTI', 21, '2020-11-04 00:00:00'),
('3303156003880001', '3303150305120003', 'TRI WAHYUNI', 2, '1996-10-08', 'Jombang', 3, 1, 1, 3, 1, 1, '3303150203055714', 'RIYANTO FIDIYATMOKO', '3303150203055198', 'USWATUN CHASANAH', 28, '2020-11-04 00:00:00'),
('3303156004390001', '3303150203056360', 'YATINAH', 2, '1996-04-07', 'Jombang', 3, 1, 4, 3, 4, 1, '3303150203055175', 'NARSUDI', '3303150203055148', 'SUWARTI', 12, '2020-11-04 00:00:00'),
('3303156004900002', '3303151910110002', 'RINI NURJANAH', 2, '1958-07-15', 'Jombang', 3, 1, 7, 4, 1, 1, '3303152311110004', 'WIDIONO', '3303151406120003', 'RUKIYAM', 28, '2020-11-04 00:00:00'),
('3303156005800001', '3303152208070034', 'SOLATI', 2, '1977-03-03', 'Jombang', 3, 1, 2, 4, 1, 1, '3303150203055194', 'SARYONO', '3303150203055731', 'DESI RESNAWATI', 9, '2020-11-04 00:00:00'),
('3303156005920002', '3303150203056364', 'ROHYATI', 2, '1984-05-24', 'Jombang', 3, 1, 3, 9, 3, 1, '3303150203055191', 'TRISWO', '3303150203055167', 'DAKIMAH', 13, '2020-11-04 00:00:00'),
('3303156006580001', '3303150203055777', 'SUKIMAH', 2, '1958-06-04', 'Jombang', 2, 1, 6, 4, 3, 1, '3303150203055686', 'IBNU WIJAYA', '3303152211110003', 'YUNIATI', 21, '2020-11-04 00:00:00'),
('3303156007730001', '3303150203055764', 'CARWATI', 2, '1990-02-17', 'Jombang', 1, 1, 2, 5, 2, 1, '3303151711060003', 'SARKAM NAWIREJA', '3303150203055222', 'NUR CAHYUNI', 20, '2020-11-04 00:00:00'),
('3303156008580001', '3303150203056337', 'SUMARNI', 2, '1956-06-24', 'Jombang', 2, 1, 5, 8, 2, 1, '3303150203054634', 'WATIM', '3303152405120002', 'DEWI SARTIKA', 27, '2020-11-04 00:00:00'),
('3303156008840003', '3303150502070002', 'RIRI SETYOWATI', 2, '1981-08-12', 'Jombang', 3, 1, 5, 1, 4, 1, '3303150203055142', 'MARNO', '3303150203055123', 'SRI ATUN CHASANAH', 16, '2020-11-04 00:00:00'),
('3303156009460001', '3303150203056267', 'KARSIYEM', 2, '1977-08-13', 'Jombang', 2, 1, 6, 3, 3, 1, '3303150203055698', 'MAD ROSIDI', '3303150203055685', 'RUSMIYATI', 5, '2020-11-04 00:00:00'),
('3303156009610001', '3303150203056266', 'ROKIYAH', 2, '2009-11-15', 'Jombang', 1, 1, 5, 7, 1, 1, '3303150203055696', 'AHMAD DARSONO', '3303153009090002', 'FITRI SUNARTI', 5, '2020-11-04 00:00:00'),
('3303156010490001', '3303150203056335', 'MISLAH', 2, '2006-11-11', 'Jombang', 3, 1, 6, 2, 1, 1, '3303150203055730', 'SARIF DARMAWAN', '3303150203055222', 'SAONI', 27, '2020-11-04 00:00:00'),
('3303156010540001', '3303150203056319', 'SUKARNI', 2, '1979-04-22', 'Jombang', 1, 1, 4, 8, 1, 1, '3303150203056831', 'MUCHIDI WALUJO', '3303150203055697', 'KARSIH', 26, '2020-11-04 00:00:00'),
('3303156010830002', '3303152208070033', 'SUTIRAH', 2, '1949-09-14', 'Jombang', 3, 1, 3, 6, 2, 1, '3303150203055190', 'YUDIARDJO', '3303150203055730', 'KHOTIMAH', 9, '2020-11-04 00:00:00'),
('3303156011790001', '3303150203056280', 'WAGINEM', 2, '1962-10-05', 'Jombang', 2, 1, 5, 9, 3, 1, '3303150203055219', 'YUSHADI', '3303152109070007', 'SUMIRAH', 6, '2020-11-04 00:00:00'),
('3303156012580002', '3303150203055747', 'RUDISAH', 2, '1978-09-21', 'Jombang', 3, 1, 3, 5, 1, 1, '3303150708070146', 'MOH MASRUKHIN GHOZALI', '3303150203055157', 'KAMSIYATI', 25, '2020-11-04 00:00:00'),
('3303156012620001', '3303150203055792', 'RASIH', 2, '2002-12-03', 'Jombang', 4, 1, 1, 2, 2, 1, '3303150203056831', 'SAPTO WARDOYO', '3303150203055698', 'KARWEN', 21, '2020-11-04 00:00:00'),
('3303156101950002', '3303150203056322', 'WAHYU NINGSIH', 2, '1949-11-25', 'Jombang', 3, 1, 4, 8, 1, 1, '3303151208070021', 'EKO SISWOYO', '3303150203055706', 'AYUATMA NIRMALA UTAMI', 26, '2020-11-04 00:00:00'),
('3303156102720001', '3303150203056327', 'SRI MULYATI', 2, '2007-08-15', 'Jombang', 1, 1, 2, 3, 1, 1, '3303150203055157', 'WARTIMAN', '3303151208070021', 'EKSI ENDAH APRIYASTUTI', 26, '2020-11-04 00:00:00'),
('3303156104680001', '3303150203056279', 'SURATI', 2, '1998-10-24', 'Jombang', 4, 1, 7, 1, 3, 1, '3303150203055160', 'HADI PRAYITNO', '3303151406120013', 'TURYATI', 6, '2020-11-04 00:00:00'),
('3303156105800002', '3303152503080003', 'RUMIYATI', 2, '1970-06-21', 'Jombang', 3, 1, 2, 9, 1, 1, '3303150203055201', 'SUKARMAN', '3303151401090001', 'SUPARMI', 10, '2020-11-04 00:00:00'),
('3303156105930003', '3303150203055764', 'JUMANI RATIH NINGSIH', 2, '1969-03-21', 'Jombang', 2, 1, 7, 3, 1, 1, '3303151803100003', 'ANDRI KUNCORO', '3303150203055224', 'TRIATUN', 20, '2020-11-04 00:00:00'),
('3303156107900001', '3303150203056355', 'APRIYANTI', 2, '2011-08-06', 'Jombang', 1, 1, 3, 1, 1, 1, '3303150203055161', 'TARMO', '3303151912060002', 'TITIN SUTIYAWATI', 12, '2020-11-04 00:00:00'),
('3303156109890001', '3303151406120008', 'NENENG HERNINGSIH', 2, '1984-06-02', 'Jombang', 1, 1, 5, 5, 1, 1, '3303150203055682', 'KUNTO REKSO SISWOYO', '3303150105090012', 'SUKINI', 7, '2020-11-04 00:00:00'),
('3303156110740003', '3303150203056360', 'NAISIAH', 2, '1976-11-29', 'Jombang', 1, 1, 1, 2, 3, 1, '3303150203055175', 'SAEHUN', '3303150203055151', 'DARWI', 12, '2020-11-04 00:00:00'),
('3303156201920002', '3303150203056327', 'SUSI RATNA SARI', 2, '2003-08-09', 'Jombang', 3, 1, 4, 5, 3, 1, '3303150203055157', 'FAJAR UTOMO', '3303151208070023', 'ROBINGAH', 26, '2020-11-04 00:00:00'),
('3303156205730001', '3303150203056275', 'ELI FIATI', 2, '2017-04-11', 'Jombang', 2, 1, 2, 2, 2, 1, '3303152109070007', 'WAGIMIN', '3303150708070067', 'DIAN SAFITRI', 6, '2020-11-04 00:00:00'),
('3303156206750002', '3303150908070528', 'SURYANTI', 2, '2013-01-08', 'Jombang', 2, 1, 4, 5, 1, 1, '3303152109060004', 'PAIMIN SAMSUPONO', '3303150203055730', 'KHOTIMAH', 17, '2020-11-04 00:00:00'),
('3303156208920002', '3303150908070527', 'TIKA DWI LESTIANI', 2, '1996-04-21', 'Jombang', 3, 1, 7, 3, 4, 1, '3303151904120010', 'RUSMEDI', '3303150203055702', 'ANJIRNI NUR KHASANAH', 17, '2020-11-04 00:00:00'),
('3303156302740003', '3303151406120007', 'DARWIYAH', 2, '1947-08-28', 'Jombang', 4, 1, 3, 3, 2, 1, '3303150203055719', 'FADLIKA ADJRI ALESTIAWAN', '3303150203055204', 'SUMINAH', 24, '2020-11-04 00:00:00'),
('3303156303830001', '3303152208070031', 'MARSITI', 2, '1979-07-27', 'Jombang', 2, 2, 5, 1, 2, 1, '3303153112080004', 'SUKARSO', '3303150203055694', 'SUMARSIH', 8, '2020-11-04 00:00:00'),
('3303156303890001', '3303150203056255', 'LIA ASTUTI', 2, '1972-01-22', 'Jombang', 3, 1, 6, 5, 2, 1, '3303150203055160', 'HADI PRAYITNO', '3303151406120013', 'TURYATI', 22, '2020-11-04 00:00:00'),
('3303156305610002', '3303150203056357', 'KARSIYAH', 2, '1978-05-10', 'Jombang', 1, 1, 4, 6, 1, 1, '3303150203055170', 'SUPARNO', '3303152911060005', 'TUNIS', 12, '2020-11-04 00:00:00'),
('3303156306830003', '3303150608070144', 'KATIRAH', 2, '1962-05-29', 'Jombang', 4, 1, 3, 4, 4, 1, '3303150203055137', 'RUSWADI', '3303150102100006', 'SITI AMIROH', 23, '2020-11-04 00:00:00'),
('3303156307900001', '3303150203056352', 'YULI PURWASIH', 2, '1964-08-21', 'Jombang', 3, 1, 3, 4, 1, 1, '3303150203055153', 'KOESPRAPTO', '3303151208070182', 'KUSWATI', 12, '2020-11-04 00:00:00'),
('3303156309580001', '3303150203056817', 'MUTINAH', 2, '1985-05-10', 'Jombang', 1, 1, 3, 9, 4, 1, '3303152810110103', 'SARYONO', '3303150608070170', 'TRIMA', 14, '2020-11-04 00:00:00'),
('3303156311690001', '3303150203055778', 'MUSRIATI', 2, '1989-10-11', 'Jombang', 1, 1, 2, 6, 3, 1, '3303150203055686', 'DAMILIN', '3303152311110004', 'MARWATI', 21, '2020-11-04 00:00:00'),
('3303156404860001', '3303151606100003', 'MISTIATI SUMINAH', 2, '1981-02-20', 'Jombang', 1, 1, 3, 7, 2, 1, '3303151606120003', 'KASITO', '3303150708070098', 'USWATUN ISNASARI', 28, '2020-11-04 00:00:00'),
('3303156404920001', '3303150203055780', 'RINA', 2, '2005-05-25', 'Jombang', 2, 1, 6, 2, 2, 1, '3303150203055696', 'AHMAD DARSONO', '3303153009090002', 'FITRI SUNARTI', 21, '2020-11-04 00:00:00'),
('3303156407690001', '3303150203056362', 'SISWATI', 2, '1991-05-18', 'Jombang', 2, 1, 3, 9, 3, 1, '3303150203055179', 'SUWARJO', '3303150203055161', 'WASITI', 12, '2020-11-04 00:00:00'),
('3303156407740005', '3303150203056262', 'WATINI', 2, '1965-04-05', 'Jombang', 2, 1, 3, 5, 2, 1, '3303150203055684', 'ROSID SUKARJO', '3303151610060019', 'BONIYAH', 4, '2020-11-04 00:00:00'),
('3303156409730002', '3303150203056827', 'PURWATI', 2, '1964-09-15', 'Jombang', 3, 1, 6, 2, 1, 1, '3303150203055123', 'SUHUD SUMARSO', '3303150203055103', 'LAILA KODARWATI', 15, '2020-11-04 00:00:00'),
('3303156410760003', '3303152404070005', 'MUSRIFAH', 2, '2005-12-04', 'Jombang', 4, 1, 6, 5, 2, 1, '3303150203055199', 'RIYANTO', '3303150708070267', 'SATINI', 9, '2020-11-04 00:00:00'),
('3303156411760003', '3303150203056329', 'SUYATMI', 2, '2004-02-02', 'Jombang', 2, 1, 3, 5, 1, 1, '3303150203055220', 'YASWIREJA', '3303152208080002', 'PURWATI', 26, '2020-11-04 00:00:00'),
('3303156412770004', '3303150708070035', 'SUPRI', 2, '1958-01-24', 'Jombang', 2, 1, 5, 3, 3, 1, '3303150203055714', 'RIYANTO FIDIYATMOKO', '3303150203055198', 'USWATUN CHASANAH', 24, '2020-11-04 00:00:00'),
('3303156502650001', '3303150203056355', 'KARTINAH', 2, '2004-12-27', 'Jombang', 3, 1, 4, 4, 4, 1, '3303150203055162', 'BUDIYANTO', '3303152002090002', 'MANTI', 12, '2020-11-04 00:00:00'),
('3303156506660001', '3303150203056257', 'RUMINAH', 2, '1963-03-13', 'Jombang', 3, 1, 7, 2, 4, 1, '3303151406120006', 'ARY PURWANTO', '3303150708070089', 'NASRIYAH', 3, '2020-11-04 00:00:00'),
('3303156506740003', '3303150203055795', 'SURTINAH', 2, '1966-07-04', 'Jombang', 2, 1, 3, 5, 3, 1, '3303151208070023', 'MAKSUM', '3303150203056831', 'FATMAH KURNIATI RAHAYU', 21, '2020-11-04 00:00:00'),
('3303156506850001', '3303150608070117', 'LASTRI', 2, '1958-07-18', 'Jombang', 4, 1, 3, 2, 1, 1, '3303150203054632', 'BAMBANG SUTRISNO, SH', '3303151611110003', 'MARINAH', 23, '2020-11-04 00:00:00'),
('3303156508780001', '3303150405120005', 'ELY LAELATUL QODRIYATI', 2, '1993-03-21', 'Jombang', 4, 1, 2, 2, 2, 1, '3303150203055221', 'RISWANTO', '3303152510110009', 'EKA YUNIASIH', 22, '2020-11-04 00:00:00'),
('3303156509830001', '3303150608070133', 'NANI ENTARWATI. P', 2, '1983-01-10', 'Jombang', 1, 1, 1, 5, 2, 1, '3303150203054635', 'MAD YUSUP', '3303153112080004', 'HESTI WIDYANINGSIH', 23, '2020-11-04 00:00:00'),
('3303156510500001', '3303150203056281', 'TUKIMAH', 2, '2009-06-24', 'Jombang', 4, 1, 4, 3, 2, 1, '3303150203055220', 'AGUNG WARYANTO', '3303152208080002', 'SAIDEM', 7, '2020-11-04 00:00:00'),
('3303156510620001', '3303150203055759', 'WARSIYAH', 2, '2015-06-13', 'Jombang', 2, 1, 1, 8, 1, 1, '3303150203056324', 'KOMARUDIN', '3303150203055211', 'YANTI ASTUTI', 19, '2020-11-04 00:00:00'),
('3303156511510001', '3303150203055750', 'SUNIAH', 2, '2012-09-27', 'Jombang', 4, 1, 5, 2, 2, 1, '3303151404100001', 'BUDHI HARYANTO, S.PT', '3303150203055221', 'SITI MARLINA', 25, '2020-11-04 00:00:00'),
('3303156511680002', '3303151108060016', 'RAMIYAH', 2, '2016-06-02', 'Jombang', 2, 1, 2, 4, 1, 1, '3303152510110008', 'YAYAN', '3303150203055731', 'DESI RESNAWATI', 17, '2020-11-04 00:00:00'),
('3303156511720001', '3303150203056322', 'RAMIAH', 2, '1996-09-18', 'Jombang', 4, 1, 2, 9, 1, 1, '3303151208070023', 'MAKSUM', '3303150203056831', 'FATMAH KURNIATI RAHAYU', 26, '2020-11-04 00:00:00'),
('3303156512560001', '3303151906120004', 'SAKIYAH', 2, '2010-12-21', 'Jombang', 4, 1, 4, 2, 1, 1, '3303150203055720', 'AGUS MULYANTO', '3303150203055205', 'TURSIYAH', 24, '2020-11-04 00:00:00'),
('3303156601780002', '3303151402120003', 'RUBIYAH', 2, '1953-08-19', 'Jombang', 3, 1, 4, 7, 2, 1, '3303150203054634', 'WATIM', '3303152405120002', 'DEWI SARTIKA', 18, '2020-11-04 00:00:00'),
('3303156601910004', '3303150203056363', 'EFI JANUARTI', 2, '1948-06-24', 'Jombang', 1, 1, 5, 3, 4, 1, '3303150203055182', 'MISNO', '3303150203055163', 'RATMIYAH', 13, '2020-11-04 00:00:00'),
('3303156602820003', '3303150203056336', 'AMIYATI', 2, '1958-01-18', 'Jombang', 4, 1, 4, 6, 1, 1, '3303150203054632', 'MUHAMMAD ADITYA YANUARDY', '3303152405120002', 'DARSIH', 27, '2020-11-04 00:00:00'),
('3303156604840003', '3303151006060001', 'MISWATI', 2, '1968-09-24', 'Jombang', 4, 1, 4, 6, 2, 1, '3303150203055716', 'WIKI SUBEKTI', '3303150203055201', 'TARISEM', 24, '2020-11-04 00:00:00'),
('3303156604890002', '3303150203056314', 'MARTINI', 2, '2009-11-25', 'Jombang', 2, 1, 6, 1, 2, 1, '3303150203055686', 'DAMILIN', '3303152311110004', 'MARWATI', 26, '2020-11-04 00:00:00'),
('3303156605800001', '3303150203056814', 'SARMITI', 2, '2015-06-18', 'Jombang', 3, 1, 6, 7, 4, 1, '3303152408090001', 'RASIMIN', '3303150203055188', 'RASIYEM', 14, '2020-11-04 00:00:00'),
('3303156608470001', '3303150203056369', 'DARSINI', 2, '1972-04-06', 'Jombang', 2, 1, 3, 3, 3, 1, '3303150801100002', 'MARGIONO', '3303150203055179', 'TURSINI', 13, '2020-11-04 00:00:00'),
('3303156609750002', '3303150203055143', 'ALFIYAH', 2, '1972-01-19', 'Jombang', 2, 1, 6, 7, 2, 1, '3303151406120013', 'TRIYONO', '3303150504120001', 'SRI WIGATI', 1, '2020-11-04 00:00:00'),
('3303156611580001', '3303150203056323', 'SISWATI', 2, '2004-07-16', 'Jombang', 2, 1, 4, 2, 2, 1, '3303152208080002', 'SLAMET', '3303150908070489', 'UMIYATI', 26, '2020-11-04 00:00:00'),
('3303156611640001', '3303150203056339', 'RAMINI', 2, '1979-11-25', 'Jombang', 3, 1, 3, 6, 1, 1, '3303150203055211', 'RENGGA DWI NURCAHYO', '3303150203055196', 'KARSIYEM', 10, '2020-11-04 00:00:00'),
('3303156611690001', '3303150203055770', 'JUMIATI', 2, '1967-11-25', 'Jombang', 4, 1, 7, 5, 1, 1, '3303150203055175', 'NARSUDI', '3303150203055683', 'VEBRUANI PURWANITA', 20, '2020-11-04 00:00:00'),
('3303156702780005', '3303152511080032', 'ATINI', 2, '1970-07-15', 'Jombang', 2, 1, 6, 9, 1, 1, '3303150203055722', 'AFFANDI , H, S.PDI', '3303150203055207', 'DARIYAH', 24, '2020-11-04 00:00:00'),
('3303156707830001', '3303152208070032', 'LARWATI', 2, '1955-02-12', 'Jombang', 4, 2, 6, 1, 4, 1, '3303150203055189', 'CHAERUN SUGIANTO', '3303150203055702', 'ANJIRNI NUR KHASANAH', 9, '2020-11-04 00:00:00'),
('3303156707830003', '3303151202080002', 'CACI SUWENLI', 2, '1954-11-15', 'Jombang', 4, 1, 2, 5, 2, 1, '3303150112080006', 'AHMAD ROSIKUN', '3303150708070262', 'SUMARTI', 17, '2020-11-04 00:00:00'),
('3303156710700001', '3303150203056344', 'ASTUTI', 2, '1953-08-04', 'Jombang', 1, 1, 2, 8, 2, 1, '3303150805120008', 'TARKIM', '3303150203055207', 'DARIYAH', 11, '2020-11-04 00:00:00'),
('3303156803840001', '3303151703090004', 'KASMIATI', 2, '1972-12-13', 'Jombang', 2, 2, 1, 1, 2, 1, '3303150203055728', 'TOYIB RUSWANTO', '3303150203055221', 'SITI MARLINA', 8, '2020-11-04 00:00:00'),
('3303156805780002', '3303150203056813', 'KUSWATI', 2, '1982-07-16', 'Jombang', 1, 1, 3, 1, 4, 1, '3303151406120002', 'MULYONO', '3303150203055186', 'SARIYEM', 14, '2020-11-04 00:00:00'),
('3303156806850001', '3303150401070008', 'ROFI CHASANAH', 2, '1976-10-21', 'Jombang', 4, 1, 5, 1, 1, 1, '3303150203055138', 'DIDI ABDUL LATIF', '3303150203055122', 'JUMINAH', 16, '2020-11-04 00:00:00'),
('3303156807790001', '3303150203056854', 'KHUSNUL HAYATI', 2, '1982-10-16', 'Jombang', 3, 1, 7, 2, 4, 1, '3303150203055710', 'DACHLAN ALI MOH HAERUDIN', '3303150203055194', 'MARYATI', 27, '2020-11-04 00:00:00'),
('3303156807840002', '3303150212110004', 'INDRIYANI ROSITAH', 2, '1997-06-11', 'Jombang', 4, 1, 4, 8, 2, 1, '3303150203055135', 'SUDIR', '3303150203055113', 'TATIK WIWIT HIDAYATI', 16, '2020-11-04 00:00:00'),
('3303156808540001', '3303150203056278', 'SANTI', 2, '2017-01-29', 'Jombang', 2, 1, 1, 1, 1, 1, '3303150203055157', 'WARTIMAN', '3303151208070021', 'EKSI ENDAH APRIYASTUTI', 6, '2020-11-04 00:00:00'),
('3303156808790003', '3303151212040042', 'RIYATI', 2, '1994-09-19', 'Jombang', 1, 1, 4, 3, 1, 1, '3303150708070098', 'ARDI SUTOYO', '3303150203056839', 'NURYATI', 28, '2020-11-04 00:00:00'),
('3303156809800001', '3303150203056321', 'SUPRIYATIN', 2, '2009-06-06', 'Jombang', 4, 1, 1, 7, 1, 1, '3303151208070005', 'NAWIARJO', '3303150203055705', 'TUSINAH', 26, '2020-11-04 00:00:00'),
('3303156810800002', '3303150203055753', 'SOFIYAH', 2, '2014-09-03', 'Jombang', 3, 1, 7, 5, 3, 1, '3303150203055183', 'REKSADIMEJA', '3303150708070260', 'SARI`AH', 26, '2020-11-04 00:00:00'),
('3303156810880003', '3303151406120010', 'TRISNA WARDANI', 2, '1986-01-14', 'Jombang', 4, 1, 5, 1, 3, 1, '3303151406120005', 'SUHERMAN', '3303150708070081', 'SUKIRAH', 28, '2020-11-04 00:00:00'),
('3303156812670001', '3303150203056328', 'SUPRIYATI', 2, '1994-01-20', 'Jombang', 1, 1, 2, 7, 1, 1, '3303150203055160', 'HADI PRAYITNO', '3303151406120013', 'TURYATI', 26, '2020-11-04 00:00:00'),
('3303156905710003', '3303152208070035', 'SOLIYAH', 2, '1986-06-30', 'Jombang', 4, 1, 1, 2, 4, 1, '3303150203055198', 'SUPARNA', '3303150708070260', 'SARI`AH', 9, '2020-11-04 00:00:00'),
('3303156909670003', '3303150203055790', 'ROTIYAH', 2, '2001-07-11', 'Jombang', 3, 1, 2, 9, 2, 1, '3303150708070096', 'IVAN MARGARIN, S.SI', '3303150203056837', 'SUPARTI', 2, '2020-11-04 00:00:00'),
('3303156909710002', '3303150203055791', 'SUNARTI', 2, '2005-01-03', 'Jombang', 4, 1, 5, 5, 1, 1, '3303150203055705', 'SUGITO', '3303150203055692', 'RAMISAH', 21, '2020-11-04 00:00:00'),
('3303156909740001', '3303150203056353', 'MARSINAH', 2, '1966-07-09', 'Jombang', 3, 1, 3, 7, 1, 1, '3303150203055154', 'TASWAN WINARTO', '3303151406120014', 'DEWI KUSWORINI', 12, '2020-11-04 00:00:00'),
('3303156911520002', '3303152305120002', 'TARSINI', 2, '1950-11-28', 'Jombang', 4, 1, 3, 3, 4, 1, '3303150203055715', 'LATIF SUGANDI', '3303150203055199', 'KADIYAH', 18, '2020-11-04 00:00:00'),
('3303156912770002', '3303150203056270', 'KUSTIWI', 2, '1967-11-30', 'Jombang', 1, 1, 2, 1, 1, 1, '3303150203055705', 'SUGITO', '3303150203055692', 'RAMISAH', 5, '2020-11-04 00:00:00'),
('3303157001700001', '3303150203056263', 'SARKIEM', 2, '1964-03-28', 'Jombang', 4, 1, 1, 7, 4, 1, '3303150203055685', 'KASTUN', '3303152211110003', 'ERNING PAWITI LENI MARYANI', 4, '2020-11-04 00:00:00'),
('3303157001710002', '3303151502120004', 'TRI SUSWATI', 2, '1986-06-08', 'Jombang', 4, 1, 2, 9, 2, 1, '3303151412060006', 'SUYATNO', '3303150708070093', 'SOLICHATUN FITRIASARI', 28, '2020-11-04 00:00:00'),
('3303157001740003', '3303150203056824', 'RUSTIYAH', 2, '1980-03-06', 'Jombang', 4, 1, 1, 7, 3, 1, '3303150203055113', 'FUAD FATONI', '3303152510110014', 'MARUTI', 15, '2020-11-04 00:00:00'),
('3303157003540001', '3303150203056331', 'SITI AMINAH', 2, '1996-08-31', 'Jombang', 3, 1, 1, 9, 1, 1, '3303150203055677', 'NARSUN', '3303152810110055', 'SETIARTI', 26, '2020-11-04 00:00:00'),
('3303157006510001', '3303150203056316', 'SAERAH', 2, '2005-04-07', 'Jombang', 3, 1, 5, 9, 3, 1, '3303150203055698', 'MAD ROSIDI', '3303150203055685', 'RUSMIYATI', 26, '2020-11-04 00:00:00'),
('3303157006700001', '3303150203056333', 'TURYATI', 2, '1987-08-30', 'Jombang', 1, 1, 2, 3, 4, 1, '3303150203055702', 'NURTIM', '3303150203055159', 'TARIYAH', 27, '2020-11-04 00:00:00'),
('3303157011350001', '3303150203055790', 'KASNIEM', 2, '1982-04-19', 'Jombang', 1, 1, 1, 6, 4, 1, '3303150708070098', 'ARDI SUTOYO', '3303150203056839', 'NURYATI', 3, '2020-11-04 00:00:00'),
('3303157011620003', '3303150203056256', 'ROKHYATI', 2, '1950-10-05', 'Jombang', 3, 1, 4, 6, 1, 1, '3303151406120004', 'PUJI SUJIYANTO', '3303150708070078', 'ENI RUBIYANTI', 3, '2020-11-04 00:00:00'),
('3303157012410001', '3303150203055776', 'KARMINI', 2, '2003-01-15', 'Jombang', 2, 1, 2, 4, 2, 1, '3303150203055186', 'KARYAWIREJA', '3303150708070262', 'SUMARTI', 21, '2020-11-04 00:00:00'),
('3303157012450001', '3303150708070025', 'SANEM', 2, '1957-04-02', 'Jombang', 3, 1, 1, 6, 2, 1, '3303150708070071', 'SUKIRNO', '3303150203056832', 'SELFIA YULIANI', 28, '2020-11-04 00:00:00'),
('3303157012580001', '3303150203056334', 'TARMINI', 2, '1948-06-22', 'Jombang', 4, 1, 2, 7, 3, 1, '3303150203055728', 'SUTRIYO', '3303150203055219', 'RAKIDEM', 27, '2020-11-04 00:00:00'),
('3303157012720001', '3303150203056315', 'DARNIAH', 2, '1985-02-08', 'Jombang', 4, 1, 7, 3, 3, 1, '3303150203055697', 'KARTOMI', '3303150203055680', 'SURATMI', 26, '2020-11-04 00:00:00'),
('3303157012730001', '3303150203055760', 'SUTRIYAH', 2, '1990-05-29', 'Jombang', 3, 1, 1, 4, 3, 1, '3303150203056324', 'MUDIARTO', '3303150203055215', 'SARKEM', 19, '2020-11-04 00:00:00'),
('3303157012750002', '3303150203056812', 'WAGINI', 2, '1991-03-28', 'Jombang', 4, 1, 7, 2, 2, 1, '3303151211090002', 'SUKARNO', '3303150203055185', 'RASINI', 13, '2020-11-04 00:00:00'),
('3303157107710002', '3303150203056345', 'SUNARTI', 2, '2004-01-26', 'Jombang', 3, 1, 5, 1, 3, 1, '3303151208070003', 'AKHMAD HIDAYAT', '3303150203055209', 'SAIRAH', 11, '2020-11-04 00:00:00'),
('3303157112320003', '3303150203056274', 'NALEM', 2, '2017-04-13', 'Jombang', 2, 1, 4, 6, 4, 1, '3303151208070021', 'EKO SISWOYO', '3303150203055706', 'AYUATMA NIRMALA UTAMI', 6, '2020-11-04 00:00:00'),
('3303157112350005', '3303150203056829', 'RASIYEM', 2, '2005-12-29', 'Jombang', 2, 1, 2, 1, 4, 1, '3303150203055127', 'AWAL SETIAWAN', '3303150203055106', 'YULI ASTUTI', 15, '2020-11-04 00:00:00'),
('3303157112390002', '3303150203056349', 'NASIYAH', 2, '1946-03-08', 'Jombang', 1, 1, 2, 6, 4, 1, '3303150203055147', 'ABDULLAH MUKHLISH', '3303150708070019', 'SUTI', 12, '2020-11-04 00:00:00'),
('3303157112400002', '3303150203055758', 'TIJAH', 2, '1990-09-01', 'Jombang', 4, 1, 7, 5, 3, 1, '3303150203055726', 'HERI SUSWANTO', '3303150203055210', 'WARSITI', 19, '2020-11-04 00:00:00'),
('3303157112420002', '3303150203056351', 'SUTI', 2, '1954-12-27', 'Jombang', 4, 1, 3, 2, 1, 1, '3303150203055151', 'SAKIM', '3303150808070017', 'RASTI', 12, '2020-11-04 00:00:00'),
('3303157112420003', '3303150203055782', 'SUMINI', 2, '2010-06-20', 'Jombang', 1, 1, 3, 2, 2, 1, '3303150203055699', 'PARDIMAN', '3303150203055687', 'PUTRI INDRIYATUN', 21, '2020-11-04 00:00:00'),
('3303157112470002', '3303150203056365', 'SAYEM', 2, '1989-09-08', 'Jombang', 4, 1, 3, 5, 2, 1, '3303150203055192', 'PURWO HARSONO CARNO', '3303150203055170', 'WARSEM', 13, '2020-11-04 00:00:00'),
('3303157112480004', '3303150203056330', 'RATI', 2, '1970-10-13', 'Jombang', 2, 1, 1, 7, 3, 1, '3303150203055222', 'NURHEMI', '3303152510110010', 'DANI WULANDARI', 26, '2020-11-04 00:00:00'),
('3303157112490003', '3303151406120009', 'SURTINI', 2, '1994-03-12', 'Jombang', 3, 2, 4, 2, 4, 1, '3303150203055694', 'KODIR', '3303150203055157', 'KAMSIYATI', 7, '2020-11-04 00:00:00'),
('3303157112500003', '3303150203056816', 'KAMINAH', 2, '1966-08-12', 'Jombang', 3, 1, 3, 5, 2, 1, '3303152510110014', 'SUDARTO', '3303150505090048', 'SITI MUJAYANAH', 14, '2020-11-04 00:00:00'),
('3303157112520002', '3303150203056271', 'SUMINI', 2, '1951-03-01', 'Jombang', 1, 1, 7, 4, 1, 1, '3303150203056831', 'MUCHIDI WALUJO', '3303150203055697', 'KARSIH', 5, '2020-11-04 00:00:00'),
('3303157112560006', '3303150203055794', 'TUMINAH', 2, '2000-12-31', 'Jombang', 1, 1, 7, 2, 3, 1, '3303151208070005', 'NAWIARJO', '3303150203055705', 'TUSINAH', 21, '2020-11-04 00:00:00'),
('3303157112570003', '3303150203055745', 'SUMARTI', 2, '1984-06-06', 'Jombang', 2, 1, 7, 9, 1, 1, '3303150203056324', 'KOMARUDIN', '3303150203055211', 'YANTI ASTUTI', 25, '2020-11-04 00:00:00'),
('3303157112570007', '3303153001080005', 'RUSMINI', 2, '1982-04-29', 'Jombang', 2, 1, 6, 2, 3, 1, '3303150203055719', 'FADLIKA ADJRI ALESTIAWAN', '3303150203055204', 'SUMINAH', 19, '2020-11-04 00:00:00');
INSERT INTO `penduduk` (`nik`, `nomor_kk`, `nama`, `id_jenis_kelamin`, `tanggal_lahir`, `tempat_lahir`, `id_hubungan_dalam_keluarga`, `id_agama`, `id_pendidikan_terakhir`, `id_pekerjaan`, `id_status_perkawinan`, `id_status_penduduk`, `nik_ayah`, `nama_ayah`, `nik_ibu`, `nama_ibu`, `id_rt`, `tanggal_rekam`) VALUES
('3303157112580003', '3303151212040043', 'TARISEM', 2, '1996-05-19', 'Jombang', 4, 1, 1, 2, 2, 1, '3303151406120003', 'ADE MARTINUS', '3303150708070071', 'RUBIYANTI', 28, '2020-11-04 00:00:00'),
('3303157112600002', '3303150203055769', 'SIKEM', 2, '1949-11-24', 'Jombang', 4, 1, 7, 8, 3, 1, '3303150203055172', 'EKA BAGUS SYAHRUDIN', '3303150203055682', 'SITI SUNDARI', 20, '2020-11-04 00:00:00'),
('3303157112620001', '3303150203056367', 'SALAMAH', 2, '2015-02-15', 'Jombang', 1, 1, 6, 7, 4, 1, '3303150608070168', 'RAGIL PRIYONO', '3303150203055177', 'DAMINAH', 13, '2020-11-04 00:00:00'),
('3303157112630003', '3303150203056350', 'MANISEM', 2, '1953-10-17', 'Jombang', 3, 1, 7, 6, 4, 1, '3303150203055147', 'MUHAMMAD INDRA ASMARA', '3303150801090002', 'KHASIYATIN', 12, '2020-11-04 00:00:00'),
('3303157112630009', '3303150203056255', 'TUMINI', 2, '1947-10-24', 'Jombang', 3, 1, 4, 3, 3, 1, '3303150203055157', 'ANDRI SUSANTO', '3303151208070026', 'MUNAH', 22, '2020-11-04 00:00:00'),
('3303157112640003', '3303150203055781', 'ROSIYAH', 2, '1994-09-06', 'Jombang', 3, 1, 3, 8, 3, 1, '3303150203055698', 'MAD ROSIDI', '3303150203055685', 'RUSMIYATI', 21, '2020-11-04 00:00:00'),
('3303157112640006', '3303150907120007', 'DARYATI', 2, '1995-11-26', 'Jombang', 2, 1, 5, 2, 4, 1, '3303150908070514', 'NURDIN SOLEHMAN', '3303150203055127', 'FITRIANINGSIH', 16, '2020-11-04 00:00:00'),
('3303157112650002', '3303150203055780', 'CHATINI', 2, '2010-01-19', 'Jombang', 2, 1, 4, 1, 1, 1, '3303150203055697', 'KARTOMI', '3303150203055680', 'SURATMI', 21, '2020-11-04 00:00:00'),
('3303157112660001', '3303150203055757', 'SALIMAH', 2, '1989-09-07', 'Jombang', 2, 1, 5, 7, 1, 1, '3303150203055724', 'UJANG RAHMAT', '3303150203055209', 'SAIRAH', 19, '2020-11-04 00:00:00'),
('3303157112670001', '3303150203056259', 'RASINI', 2, '1976-10-16', 'Jombang', 3, 1, 2, 7, 3, 1, '3303152405120003', 'SANROJI', '3303151406120006', 'YULIHATIN', 3, '2020-11-04 00:00:00'),
('3303157112670003', '3303151703090004', 'KASIYEM', 2, '1983-05-24', 'Jombang', 4, 2, 3, 6, 4, 1, '3303150203055728', 'SUTRIYO', '3303150203055219', 'RAKIDEM', 8, '2020-11-04 00:00:00'),
('3303157112680005', '3303150203055796', 'KARSEM', 2, '1981-09-04', 'Jombang', 2, 1, 5, 2, 2, 1, '3303152208080002', 'SLAMET', '3303150908070489', 'UMIYATI', 21, '2020-11-04 00:00:00'),
('3303157112680006', '3303150203056340', 'KARIYEM', 2, '1960-03-16', 'Jombang', 1, 1, 3, 8, 1, 1, '3303150203055211', 'ADI PURWOKO', '3303150203055198', 'USWATUN CHASANAH', 10, '2020-11-04 00:00:00'),
('3303157112680009', '3303150203056314', 'KAWISEM', 2, '1957-01-30', 'Jombang', 1, 1, 5, 9, 3, 1, '3303150203055687', 'ERMA IMBARIAWAN', '3303152405120003', 'SURPI', 26, '2020-11-04 00:00:00'),
('3303157112690002', '3303150203056346', 'RUBIYAH', 2, '1966-11-29', 'Jombang', 1, 1, 4, 3, 2, 1, '3303151208070187', 'ISMANTO', '3303150203055210', 'AGUS MUGIANTI', 11, '2020-11-04 00:00:00'),
('3303157112700005', '3303150203056347', 'KUSMINI', 2, '1971-08-04', 'Jombang', 2, 1, 3, 8, 2, 1, '3303152207090005', 'AMIN', '3303150203055217', 'SURATMI', 11, '2020-11-04 00:00:00'),
('3303157112700006', '3303150203056364', 'SURTI', 2, '1977-10-03', 'Jombang', 1, 1, 2, 2, 4, 1, '3303150203055186', 'KARYAWIREJA', '3303150203055164', 'KAIDAH', 13, '2020-11-04 00:00:00'),
('3303157112710001', '3303150704090003', 'WARSITI', 2, '2006-08-04', 'Jombang', 2, 1, 5, 8, 3, 1, '3303150707090004', 'SUMARNO', '3303150203056832', 'SRI WATI', 28, '2020-11-04 00:00:00'),
('3303157112740007', '3303150908070519', 'ASIYAH', 2, '1997-07-31', 'Jombang', 4, 1, 3, 3, 3, 1, '3303151412040005', 'NUR EDY PAMUJI', '3303150203055128', 'SARMINI', 16, '2020-11-04 00:00:00'),
('3304122004900002', '3303150806120001', 'MUJITO', 1, '1976-11-25', 'Jombang', 3, 1, 7, 7, 1, 1, '3303150203055715', 'LATIF SUGANDI', '3303150203055199', 'KADIYAH', 24, '2020-11-04 00:00:00');

-- --------------------------------------------------------

--
-- Table structure for table `perangkat_desa`
--

CREATE TABLE `perangkat_desa` (
  `id` int(11) NOT NULL,
  `nip` varchar(20) DEFAULT NULL,
  `nik` varchar(16) NOT NULL,
  `tanggal_pengangkatan` date NOT NULL,
  `jabatan` varchar(50) NOT NULL,
  `masa_jabatan` int(11) NOT NULL,
  `status` enum('Aktif','Tidak Aktif') NOT NULL
) ENGINE=InnoDB DEFAULT CHARSET=utf8mb4;

--
-- Dumping data for table `perangkat_desa`
--

INSERT INTO `perangkat_desa` (`id`, `nip`, `nik`, `tanggal_pengangkatan`, `jabatan`, `masa_jabatan`, `status`) VALUES
(1, '196706271991021002', '3303150110620001', '2019-11-04', 'Kepala Desa', 5, 'Aktif'),
(2, '196011101982032032\r\n', '3303150112450002', '2019-08-04', 'Sekretaris Desa', 5, 'Aktif'),
(3, '196610131991011001\r\n', '3303150112680001', '2019-10-05', 'Kaur Pemerintah', 5, 'Aktif'),
(4, '198501132009042006\r\n', '3303150203700004', '2019-12-10', 'Kaur Umum', 5, 'Aktif'),
(5, '198005182008012001\r\n', '3303150204760002', '2019-11-11', 'Kaur Keuangan', 5, 'Aktif'),
(6, '197805032008012002\r\n', '3303150206840001', '2019-11-12', 'Kaur Pembangunan', 5, 'Aktif'),
(7, '198205182008012003\r\n', '3303150206940001', '2019-11-27', 'Kaur Keamanan dan Ketertiban', 5, 'Aktif');

-- --------------------------------------------------------

--
-- Table structure for table `rt`
--

CREATE TABLE `rt` (
  `id` int(11) NOT NULL,
  `id_rw` int(11) NOT NULL,
  `nomor` int(11) NOT NULL,
  `nik_kepala_rt` varchar(16) NOT NULL
) ENGINE=InnoDB DEFAULT CHARSET=utf8mb4;

--
-- Dumping data for table `rt`
--

INSERT INTO `rt` (`id`, `id_rw`, `nomor`, `nik_kepala_rt`) VALUES
(1, 1, 1, '3303156609750002'),
(2, 1, 2, '3303155002450002'),
(3, 1, 3, '3303157011350001'),
(4, 2, 1, '3303157001700001'),
(5, 2, 2, '3303156009610001'),
(6, 2, 3, '3303150307790002'),
(7, 3, 1, '3303150203740002'),
(8, 3, 2, '3303151108770001'),
(9, 4, 1, '3303150403790002'),
(10, 4, 2, '3303150706790003'),
(11, 5, 1, '3303153112660002'),
(12, 5, 2, '3303155809760001'),
(13, 6, 1, '3303153112680001'),
(14, 6, 2, '3303152601730001'),
(15, 6, 3, '3303151205730005'),
(16, 7, 1, '3303154911910001'),
(17, 7, 2, '3303150110620001'),
(18, 8, 1, '3303156601780002'),
(19, 8, 2, '3303151505890002'),
(20, 9, 1, '3303155907700001'),
(21, 9, 2, '3303157012410001'),
(22, 9, 3, '3303155608650002'),
(23, 10, 1, '3303155810850005'),
(24, 10, 2, '3303152008800002'),
(25, 10, 3, '3303153112520006'),
(26, 10, 4, '3303150107780073'),
(27, 11, 1, '3303153112460004'),
(28, 11, 2, '3303155506530002');

-- --------------------------------------------------------

--
-- Table structure for table `rw`
--

CREATE TABLE `rw` (
  `id` int(11) NOT NULL,
  `id_dusun` int(11) NOT NULL,
  `nomor` int(11) NOT NULL,
  `nik_kepala_rw` varchar(16) DEFAULT NULL
) ENGINE=InnoDB DEFAULT CHARSET=utf8mb4;

--
-- Dumping data for table `rw`
--

INSERT INTO `rw` (`id`, `id_dusun`, `nomor`, `nik_kepala_rw`) VALUES
(1, 1, 1, '3303151512930002'),
(2, 1, 2, '3303156407740005'),
(3, 2, 1, '3303156510500001'),
(4, 2, 2, '3303156707830001'),
(5, 3, 1, '3303156710700001'),
(6, 3, 2, '3303156601910004'),
(7, 4, 1, '3303152004890003'),
(8, 4, 2, '3303152304770001'),
(9, 4, 3, '3303155704950001'),
(10, 5, 1, '3303155512890001'),
(11, 5, 2, '3303157006700001');

-- --------------------------------------------------------

--
-- Stand-in structure for view `view_keluarga`
-- (See below for the actual view)
--
CREATE TABLE `view_keluarga` (
`nomor_kk` varchar(16)
,`nik_kepala_keluarga` varchar(16)
,`nama_kepala_keluarga` varchar(100)
,`jumlah_anggota` bigint(21)
,`dusun` varchar(100)
,`nomor_rw` int(11)
,`nomor_rt` int(11)
);

-- --------------------------------------------------------

--
-- Stand-in structure for view `view_pantau_pemudik`
-- (See below for the actual view)
--
CREATE TABLE `view_pantau_pemudik` (
`tanggal_tiba` date
,`tanggal_pantau` date
,`data_hari_ke` int(7)
,`id` int(11)
,`nik` varchar(16)
,`nama` varchar(100)
,`suhu_tubuh` int(11)
,`batuk` enum('Ya','Tidak')
,`flu` enum('Ya','Tidak')
,`sesak_nafas` enum('Ya','Tidak')
,`keluhan_lain` varchar(100)
,`status_covid19` enum('POSITIF','ODP','PDP','ODR','OTG')
);

-- --------------------------------------------------------

--
-- Stand-in structure for view `view_pemudik`
-- (See below for the actual view)
--
CREATE TABLE `view_pemudik` (
`nik` varchar(16)
,`nama` varchar(100)
,`asal` varchar(100)
,`tujuan` enum('LIBURAN','MENJENGUK KELUARGA','PULANG KAMPUNG','LAINNYA')
,`durasi` int(11)
,`status_covid19` enum('POSITIF','ODP','PDP','ODR','OTG')
,`wajib_pantau` enum('YA','TIDAK')
,`keluhan_kesehatan` varchar(100)
,`tanggal_tiba` date
);

-- --------------------------------------------------------

--
-- Stand-in structure for view `view_penduduk`
-- (See below for the actual view)
--
CREATE TABLE `view_penduduk` (
`nik` varchar(16)
,`nomor_kk` varchar(16)
,`nama` varchar(100)
,`jenis_kelamin` varchar(50)
,`tanggal_lahir` date
,`tempat_lahir` varchar(100)
,`hubungan_dalam_keluarga` varchar(50)
,`agama` varchar(50)
,`pendidikan_terakhir` varchar(50)
,`pekerjaan` varchar(50)
,`status_perkawinan` varchar(50)
,`status_penduduk` varchar(50)
,`nik_ayah` varchar(16)
,`nama_ayah` varchar(100)
,`nik_ibu` varchar(16)
,`nama_ibu` varchar(100)
,`rt` int(11)
,`rw` int(11)
,`dusun` varchar(100)
,`tanggal_rekam` datetime
);

-- --------------------------------------------------------

--
-- Structure for view `view_keluarga`
--
DROP TABLE IF EXISTS `view_keluarga`;

CREATE ALGORITHM=UNDEFINED DEFINER=`root`@`localhost` SQL SECURITY DEFINER VIEW `view_keluarga`  AS  select `penduduk`.`nomor_kk` AS `nomor_kk`,`penduduk`.`nik` AS `nik_kepala_keluarga`,`penduduk`.`nama` AS `nama_kepala_keluarga`,count(0) AS `jumlah_anggota`,`dusun`.`nama` AS `dusun`,`rw`.`nomor` AS `nomor_rw`,`rt`.`nomor` AS `nomor_rt` from (((`penduduk` join `rt` on(`rt`.`id` = `penduduk`.`id_rt`)) join `rw` on(`rw`.`id` = `rt`.`id_rw`)) join `dusun` on(`dusun`.`id` = `rw`.`id_dusun`)) where `penduduk`.`nomor_kk` is not null group by `penduduk`.`nomor_kk` ;

-- --------------------------------------------------------

--
-- Structure for view `view_pantau_pemudik`
--
DROP TABLE IF EXISTS `view_pantau_pemudik`;

CREATE ALGORITHM=UNDEFINED DEFINER=`root`@`localhost` SQL SECURITY DEFINER VIEW `view_pantau_pemudik`  AS  select `pemudik`.`tanggal_tiba` AS `tanggal_tiba`,`pantau_pemudik`.`tanggal_pantau` AS `tanggal_pantau`,to_days(`pantau_pemudik`.`tanggal_pantau`) - to_days(`pemudik`.`tanggal_tiba`) AS `data_hari_ke`,`pantau_pemudik`.`id` AS `id`,`pantau_pemudik`.`nik` AS `nik`,`penduduk`.`nama` AS `nama`,`pantau_pemudik`.`suhu_tubuh` AS `suhu_tubuh`,`pantau_pemudik`.`batuk` AS `batuk`,`pantau_pemudik`.`flu` AS `flu`,`pantau_pemudik`.`sesak_nafas` AS `sesak_nafas`,`pantau_pemudik`.`keluhan_lain` AS `keluhan_lain`,`pemudik`.`status_covid19` AS `status_covid19` from ((`pantau_pemudik` join `penduduk` on(`penduduk`.`nik` = `pantau_pemudik`.`nik`)) join `pemudik` on(`pemudik`.`nik` = `pantau_pemudik`.`nik`)) ;

-- --------------------------------------------------------

--
-- Structure for view `view_pemudik`
--
DROP TABLE IF EXISTS `view_pemudik`;

CREATE ALGORITHM=UNDEFINED DEFINER=`root`@`localhost` SQL SECURITY DEFINER VIEW `view_pemudik`  AS  select `pemudik`.`nik` AS `nik`,`penduduk`.`nama` AS `nama`,`pemudik`.`asal` AS `asal`,`pemudik`.`tujuan` AS `tujuan`,`pemudik`.`durasi` AS `durasi`,`pemudik`.`status_covid19` AS `status_covid19`,`pemudik`.`wajib_pantau` AS `wajib_pantau`,`pemudik`.`keluhan_kesehatan` AS `keluhan_kesehatan`,`pemudik`.`tanggal_tiba` AS `tanggal_tiba` from (`pemudik` join `penduduk` on(`penduduk`.`nik` = `pemudik`.`nik`)) ;

-- --------------------------------------------------------

--
-- Structure for view `view_penduduk`
--
DROP TABLE IF EXISTS `view_penduduk`;

CREATE ALGORITHM=UNDEFINED DEFINER=`root`@`localhost` SQL SECURITY DEFINER VIEW `view_penduduk`  AS  select `penduduk`.`nik` AS `nik`,`penduduk`.`nomor_kk` AS `nomor_kk`,`penduduk`.`nama` AS `nama`,`dt_jenis_kelamin`.`nama` AS `jenis_kelamin`,`penduduk`.`tanggal_lahir` AS `tanggal_lahir`,`penduduk`.`tempat_lahir` AS `tempat_lahir`,`dt_hubungan_dalam_keluarga`.`nama` AS `hubungan_dalam_keluarga`,`dt_agama`.`nama` AS `agama`,`dt_pendidikan_terakhir`.`nama` AS `pendidikan_terakhir`,`dt_pekerjaan`.`nama` AS `pekerjaan`,`dt_status_perkawinan`.`nama` AS `status_perkawinan`,`dt_status_penduduk`.`nama` AS `status_penduduk`,`penduduk`.`nik_ayah` AS `nik_ayah`,`penduduk`.`nama_ayah` AS `nama_ayah`,`penduduk`.`nik_ibu` AS `nik_ibu`,`penduduk`.`nama_ibu` AS `nama_ibu`,`rt`.`nomor` AS `rt`,`rw`.`nomor` AS `rw`,`dusun`.`nama` AS `dusun`,`penduduk`.`tanggal_rekam` AS `tanggal_rekam` from ((((((((((`penduduk` join `dt_jenis_kelamin` on(`dt_jenis_kelamin`.`id` = `penduduk`.`id_jenis_kelamin`)) join `dt_hubungan_dalam_keluarga` on(`dt_hubungan_dalam_keluarga`.`id` = `penduduk`.`id_hubungan_dalam_keluarga`)) join `dt_agama` on(`dt_agama`.`id` = `penduduk`.`id_agama`)) join `dt_pendidikan_terakhir` on(`dt_pendidikan_terakhir`.`id` = `penduduk`.`id_pendidikan_terakhir`)) join `dt_pekerjaan` on(`dt_pekerjaan`.`id` = `penduduk`.`id_pekerjaan`)) join `dt_status_perkawinan` on(`dt_status_perkawinan`.`id` = `penduduk`.`id_status_perkawinan`)) join `dt_status_penduduk` on(`dt_status_penduduk`.`id` = `penduduk`.`id_status_penduduk`)) join `rt` on(`rt`.`id` = `penduduk`.`id_rt`)) join `rw` on(`rw`.`id` = `rt`.`id_rw`)) join `dusun` on(`dusun`.`id` = `rw`.`id_dusun`)) ;

--
-- Indexes for dumped tables
--

--
-- Indexes for table `dt_agama`
--
ALTER TABLE `dt_agama`
  ADD PRIMARY KEY (`id`);

--
-- Indexes for table `dt_hubungan_dalam_keluarga`
--
ALTER TABLE `dt_hubungan_dalam_keluarga`
  ADD PRIMARY KEY (`id`);

--
-- Indexes for table `dt_jenis_kelamin`
--
ALTER TABLE `dt_jenis_kelamin`
  ADD PRIMARY KEY (`id`);

--
-- Indexes for table `dt_pekerjaan`
--
ALTER TABLE `dt_pekerjaan`
  ADD PRIMARY KEY (`id`);

--
-- Indexes for table `dt_pendidikan_terakhir`
--
ALTER TABLE `dt_pendidikan_terakhir`
  ADD PRIMARY KEY (`id`);

--
-- Indexes for table `dt_status_penduduk`
--
ALTER TABLE `dt_status_penduduk`
  ADD PRIMARY KEY (`id`);

--
-- Indexes for table `dt_status_perkawinan`
--
ALTER TABLE `dt_status_perkawinan`
  ADD PRIMARY KEY (`id`);

--
-- Indexes for table `dusun`
--
ALTER TABLE `dusun`
  ADD PRIMARY KEY (`id`);

--
-- Indexes for table `history_aktifitas`
--
ALTER TABLE `history_aktifitas`
  ADD PRIMARY KEY (`id`);

--
-- Indexes for table `identitas_desa`
--
ALTER TABLE `identitas_desa`
  ADD PRIMARY KEY (`id`);

--
-- Indexes for table `pantau_pemudik`
--
ALTER TABLE `pantau_pemudik`
  ADD PRIMARY KEY (`id`);

--
-- Indexes for table `pemudik`
--
ALTER TABLE `pemudik`
  ADD PRIMARY KEY (`nik`);

--
-- Indexes for table `penduduk`
--
ALTER TABLE `penduduk`
  ADD PRIMARY KEY (`nik`);

--
-- Indexes for table `perangkat_desa`
--
ALTER TABLE `perangkat_desa`
  ADD PRIMARY KEY (`id`);

--
-- Indexes for table `rt`
--
ALTER TABLE `rt`
  ADD PRIMARY KEY (`id`);

--
-- Indexes for table `rw`
--
ALTER TABLE `rw`
  ADD PRIMARY KEY (`id`);

--
-- AUTO_INCREMENT for dumped tables
--

--
-- AUTO_INCREMENT for table `dt_agama`
--
ALTER TABLE `dt_agama`
  MODIFY `id` int(11) NOT NULL AUTO_INCREMENT, AUTO_INCREMENT=8;

--
-- AUTO_INCREMENT for table `dt_hubungan_dalam_keluarga`
--
ALTER TABLE `dt_hubungan_dalam_keluarga`
  MODIFY `id` int(11) NOT NULL AUTO_INCREMENT, AUTO_INCREMENT=5;

--
-- AUTO_INCREMENT for table `dt_jenis_kelamin`
--
ALTER TABLE `dt_jenis_kelamin`
  MODIFY `id` int(11) NOT NULL AUTO_INCREMENT, AUTO_INCREMENT=3;

--
-- AUTO_INCREMENT for table `dt_pekerjaan`
--
ALTER TABLE `dt_pekerjaan`
  MODIFY `id` int(11) NOT NULL AUTO_INCREMENT, AUTO_INCREMENT=12;

--
-- AUTO_INCREMENT for table `dt_pendidikan_terakhir`
--
ALTER TABLE `dt_pendidikan_terakhir`
  MODIFY `id` int(11) NOT NULL AUTO_INCREMENT, AUTO_INCREMENT=11;

--
-- AUTO_INCREMENT for table `dt_status_penduduk`
--
ALTER TABLE `dt_status_penduduk`
  MODIFY `id` int(11) NOT NULL AUTO_INCREMENT, AUTO_INCREMENT=3;

--
-- AUTO_INCREMENT for table `dt_status_perkawinan`
--
ALTER TABLE `dt_status_perkawinan`
  MODIFY `id` int(11) NOT NULL AUTO_INCREMENT, AUTO_INCREMENT=5;

--
-- AUTO_INCREMENT for table `dusun`
--
ALTER TABLE `dusun`
  MODIFY `id` int(11) NOT NULL AUTO_INCREMENT, AUTO_INCREMENT=9;

--
-- AUTO_INCREMENT for table `history_aktifitas`
--
ALTER TABLE `history_aktifitas`
  MODIFY `id` int(11) NOT NULL AUTO_INCREMENT;

--
-- AUTO_INCREMENT for table `pantau_pemudik`
--
ALTER TABLE `pantau_pemudik`
  MODIFY `id` int(11) NOT NULL AUTO_INCREMENT, AUTO_INCREMENT=13;

--
-- AUTO_INCREMENT for table `perangkat_desa`
--
ALTER TABLE `perangkat_desa`
  MODIFY `id` int(11) NOT NULL AUTO_INCREMENT, AUTO_INCREMENT=8;

--
-- AUTO_INCREMENT for table `rt`
--
ALTER TABLE `rt`
  MODIFY `id` int(11) NOT NULL AUTO_INCREMENT, AUTO_INCREMENT=29;

--
-- AUTO_INCREMENT for table `rw`
--
ALTER TABLE `rw`
  MODIFY `id` int(11) NOT NULL AUTO_INCREMENT, AUTO_INCREMENT=12;
COMMIT;

/*!40101 SET CHARACTER_SET_CLIENT=@OLD_CHARACTER_SET_CLIENT */;
/*!40101 SET CHARACTER_SET_RESULTS=@OLD_CHARACTER_SET_RESULTS */;
/*!40101 SET COLLATION_CONNECTION=@OLD_COLLATION_CONNECTION */;
